Bundesland,technology,year,capacity_added_mw
Ausschließliche Wirtschaftszone,Wind offshore,2009,35.0
Ausschließliche Wirtschaftszone,Wind offshore,2010,47.0
Ausschließliche Wirtschaftszone,Wind offshore,2011,66.0
Ausschließliche Wirtschaftszone,Wind offshore,2012,88.0
Ausschließliche Wirtschaftszone,Wind offshore,2013,264.0
Ausschließliche Wirtschaftszone,Wind offshore,2014,387.38
Ausschließliche Wirtschaftszone,Wind offshore,2015,2332.82
Ausschließliche Wirtschaftszone,Wind offshore,2016,855.408
Ausschließliche Wirtschaftszone,Wind offshore,2017,1174.9
Ausschließliche Wirtschaftszone,Wind offshore,2018,990.4000000000001
Ausschließliche Wirtschaftszone,Wind offshore,2019,1141.83
Ausschließliche Wirtschaftszone,Wind offshore,2020,218.88
Ausschließliche Wirtschaftszone,Wind offshore,2022,342.0
Ausschließliche Wirtschaftszone,Wind offshore,2024,741.9000000000001
Baden-Württemberg,Biomass,1964,0.9
Baden-Württemberg,Biomass,1966,28.5
Baden-Württemberg,Biomass,1981,0.03
Baden-Württemberg,Biomass,1982,1.7
Baden-Württemberg,Biomass,1987,0.29
Baden-Württemberg,Biomass,1990,14.411999999999999
Baden-Württemberg,Biomass,1994,0.642
Baden-Württemberg,Biomass,1995,3.73
Baden-Württemberg,Biomass,1996,0.488
Baden-Württemberg,Biomass,1997,6.537
Baden-Württemberg,Biomass,1998,4.4184
Baden-Württemberg,Biomass,1999,3.132
Baden-Württemberg,Biomass,2000,8.918
Baden-Württemberg,Biomass,2001,11.5515
Baden-Württemberg,Biomass,2002,12.5203
Baden-Württemberg,Biomass,2003,30.703
Baden-Württemberg,Biomass,2004,63.83902
Baden-Württemberg,Biomass,2005,48.7766
Baden-Württemberg,Biomass,2006,54.4517
Baden-Württemberg,Biomass,2007,49.5355
Baden-Württemberg,Biomass,2008,32.782000000000004
Baden-Württemberg,Biomass,2009,40.5154
Baden-Württemberg,Biomass,2010,52.9893
Baden-Württemberg,Biomass,2011,83.8929
Baden-Württemberg,Biomass,2012,41.185900000000004
Baden-Württemberg,Biomass,2013,37.38474
Baden-Württemberg,Biomass,2014,42.88966
Baden-Württemberg,Biomass,2015,16.6668
Baden-Württemberg,Biomass,2016,25.63225
Baden-Württemberg,Biomass,2017,25.6595
Baden-Württemberg,Biomass,2018,60.289500000000004
Baden-Württemberg,Biomass,2019,30.426
Baden-Württemberg,Biomass,2020,43.4369
Baden-Württemberg,Biomass,2021,21.46888
Baden-Württemberg,Biomass,2022,14.174
Baden-Württemberg,Biomass,2023,6.015
Baden-Württemberg,Biomass,2024,29.5989
Baden-Württemberg,Biomass,2025,2.968
Baden-Württemberg,Hydropower,1900,10.47704
Baden-Württemberg,Hydropower,1901,0.418
Baden-Württemberg,Hydropower,1902,2.116
Baden-Württemberg,Hydropower,1903,0.875
Baden-Württemberg,Hydropower,1904,0.095
Baden-Württemberg,Hydropower,1905,0.046
Baden-Württemberg,Hydropower,1906,1.298
Baden-Württemberg,Hydropower,1907,2.3810000000000002
Baden-Württemberg,Hydropower,1908,0.8465
Baden-Württemberg,Hydropower,1909,0.56
Baden-Württemberg,Hydropower,1910,0.9359999999999999
Baden-Württemberg,Hydropower,1911,2.279
Baden-Württemberg,Hydropower,1912,12.841000000000001
Baden-Württemberg,Hydropower,1913,0.33027999999999996
Baden-Württemberg,Hydropower,1914,1.03
Baden-Württemberg,Hydropower,1915,4.655
Baden-Württemberg,Hydropower,1916,0.084
Baden-Württemberg,Hydropower,1917,1.08
Baden-Württemberg,Hydropower,1918,24.790000000000003
Baden-Württemberg,Hydropower,1919,0.44000000000000006
Baden-Württemberg,Hydropower,1920,0.501
Baden-Württemberg,Hydropower,1921,3.1125000000000003
Baden-Württemberg,Hydropower,1922,1.257
Baden-Württemberg,Hydropower,1923,17.448
Baden-Württemberg,Hydropower,1924,17.194200000000002
Baden-Württemberg,Hydropower,1925,16.6695
Baden-Württemberg,Hydropower,1926,24.8
Baden-Württemberg,Hydropower,1927,15.095
Baden-Württemberg,Hydropower,1928,0.2275
Baden-Württemberg,Hydropower,1929,6.971299999999999
Baden-Württemberg,Hydropower,1930,39.561
Baden-Württemberg,Hydropower,1931,56.6
Baden-Württemberg,Hydropower,1932,0.344
Baden-Württemberg,Hydropower,1933,5.7219999999999995
Baden-Württemberg,Hydropower,1934,88.186
Baden-Württemberg,Hydropower,1935,13.8695
Baden-Württemberg,Hydropower,1936,6.532500000000001
Baden-Württemberg,Hydropower,1937,0.2445
Baden-Württemberg,Hydropower,1938,0.541
Baden-Württemberg,Hydropower,1939,6.5905
Baden-Württemberg,Hydropower,1940,0.2475
Baden-Württemberg,Hydropower,1941,24.465
Baden-Württemberg,Hydropower,1942,5.2105
Baden-Württemberg,Hydropower,1943,0.087
Baden-Württemberg,Hydropower,1947,0.136
Baden-Württemberg,Hydropower,1948,0.1165
Baden-Württemberg,Hydropower,1949,1.7162000000000002
Baden-Württemberg,Hydropower,1950,9.177999999999999
Baden-Württemberg,Hydropower,1951,0.758
Baden-Württemberg,Hydropower,1952,4.9622
Baden-Württemberg,Hydropower,1953,13.901
Baden-Württemberg,Hydropower,1954,0.306
Baden-Württemberg,Hydropower,1955,0.837
Baden-Württemberg,Hydropower,1956,5.514
Baden-Württemberg,Hydropower,1957,0.08
Baden-Württemberg,Hydropower,1958,0.64
Baden-Württemberg,Hydropower,1959,0.032
Baden-Württemberg,Hydropower,1960,1.101
Baden-Württemberg,Hydropower,1961,0.6950000000000001
Baden-Württemberg,Hydropower,1962,0.532
Baden-Württemberg,Hydropower,1963,3.408
Baden-Württemberg,Hydropower,1964,0.024
Baden-Württemberg,Hydropower,1965,1.052
Baden-Württemberg,Hydropower,1966,69.5195
Baden-Württemberg,Hydropower,1967,4.4235
Baden-Württemberg,Hydropower,1968,0.708
Baden-Württemberg,Hydropower,1969,0.427
Baden-Württemberg,Hydropower,1970,1.793
Baden-Württemberg,Hydropower,1972,0.405
Baden-Württemberg,Hydropower,1973,0.051000000000000004
Baden-Württemberg,Hydropower,1974,1.458
Baden-Württemberg,Hydropower,1975,0.20450000000000002
Baden-Württemberg,Hydropower,1976,0.08499999999999999
Baden-Württemberg,Hydropower,1977,0.1685
Baden-Württemberg,Hydropower,1978,108.5117
Baden-Württemberg,Hydropower,1979,0.314
Baden-Württemberg,Hydropower,1980,2.0665
Baden-Württemberg,Hydropower,1981,0.363
Baden-Württemberg,Hydropower,1982,0.7969999999999999
Baden-Württemberg,Hydropower,1983,2.533
Baden-Württemberg,Hydropower,1984,4.357
Baden-Württemberg,Hydropower,1985,0.6345000000000001
Baden-Württemberg,Hydropower,1986,0.378
Baden-Württemberg,Hydropower,1987,1.62551
Baden-Württemberg,Hydropower,1988,1.5335
Baden-Württemberg,Hydropower,1989,1.6275
Baden-Württemberg,Hydropower,1990,1.6927999999999999
Baden-Württemberg,Hydropower,1991,3.7457000000000003
Baden-Württemberg,Hydropower,1992,11.424999999999999
Baden-Württemberg,Hydropower,1993,24.103399999999997
Baden-Württemberg,Hydropower,1994,2.8294
Baden-Württemberg,Hydropower,1995,1.3963
Baden-Württemberg,Hydropower,1996,1.6355
Baden-Württemberg,Hydropower,1997,1.3331
Baden-Württemberg,Hydropower,1998,2.732
Baden-Württemberg,Hydropower,1999,1.7755
Baden-Württemberg,Hydropower,2000,27.9085
Baden-Württemberg,Hydropower,2001,17.21089
Baden-Württemberg,Hydropower,2002,2.4312
Baden-Württemberg,Hydropower,2003,2.3835
Baden-Württemberg,Hydropower,2004,2.4129
Baden-Württemberg,Hydropower,2005,2.09293
Baden-Württemberg,Hydropower,2006,5.4959
Baden-Württemberg,Hydropower,2007,2.84238
Baden-Württemberg,Hydropower,2008,1.6680199999999998
Baden-Württemberg,Hydropower,2009,32.8891
Baden-Württemberg,Hydropower,2010,3.9457999999999998
Baden-Württemberg,Hydropower,2011,5.9028
Baden-Württemberg,Hydropower,2012,4.7376700000000005
Baden-Württemberg,Hydropower,2013,40.63568
Baden-Württemberg,Hydropower,2014,7.84278
Baden-Württemberg,Hydropower,2015,1.7237
Baden-Württemberg,Hydropower,2016,1.16577
Baden-Württemberg,Hydropower,2017,1.71497
Baden-Württemberg,Hydropower,2018,1.57166
Baden-Württemberg,Hydropower,2019,3.23632
Baden-Württemberg,Hydropower,2020,0.955
Baden-Württemberg,Hydropower,2021,1.0439
Baden-Württemberg,Hydropower,2022,1.321
Baden-Württemberg,Hydropower,2023,0.3656
Baden-Württemberg,Hydropower,2024,0.45349999999999996
Baden-Württemberg,Hydropower,2025,0.0055
Baden-Württemberg,Solar,1900,0.03656
Baden-Württemberg,Solar,1907,0.007220000000000001
Baden-Württemberg,Solar,1908,0.00595
Baden-Württemberg,Solar,1909,0.05841
Baden-Württemberg,Solar,1910,0.01575
Baden-Württemberg,Solar,1911,0.0325
Baden-Württemberg,Solar,1912,0.011789999999999998
Baden-Württemberg,Solar,1913,0.008925
Baden-Württemberg,Solar,1914,0.00495
Baden-Württemberg,Solar,1915,0.00836
Baden-Württemberg,Solar,1916,0.01935
Baden-Württemberg,Solar,1917,0.00939
Baden-Württemberg,Solar,1918,0.0154
Baden-Württemberg,Solar,1923,0.0028499999999999997
Baden-Württemberg,Solar,1924,5.9999999999999995e-05
Baden-Württemberg,Solar,1938,0.0086
Baden-Württemberg,Solar,1940,0.00885
Baden-Württemberg,Solar,1941,0.0010500000000000002
Baden-Württemberg,Solar,1942,0.018
Baden-Württemberg,Solar,1947,0.001
Baden-Württemberg,Solar,1948,0.00076
Baden-Württemberg,Solar,1949,0.012
Baden-Württemberg,Solar,1951,0.01936
Baden-Württemberg,Solar,1952,0.0353
Baden-Württemberg,Solar,1953,0.0006
Baden-Württemberg,Solar,1954,0.00308
Baden-Württemberg,Solar,1955,0.001
Baden-Württemberg,Solar,1956,0.02538
Baden-Württemberg,Solar,1957,0.01616
Baden-Württemberg,Solar,1958,0.020375
Baden-Württemberg,Solar,1959,0.0109
Baden-Württemberg,Solar,1960,0.04225
Baden-Württemberg,Solar,1961,0.0027
Baden-Württemberg,Solar,1962,0.019444999999999997
Baden-Württemberg,Solar,1964,0.02959
Baden-Württemberg,Solar,1965,0.021380000000000003
Baden-Württemberg,Solar,1966,0.004880000000000001
Baden-Württemberg,Solar,1967,0.04036
Baden-Württemberg,Solar,1968,0.011065
Baden-Württemberg,Solar,1969,0.02208
Baden-Württemberg,Solar,1970,0.0012000000000000001
Baden-Württemberg,Solar,1971,0.01032
Baden-Württemberg,Solar,1972,0.01797
Baden-Württemberg,Solar,1973,0.02836
Baden-Württemberg,Solar,1974,0.00148
Baden-Württemberg,Solar,1975,0.00304
Baden-Württemberg,Solar,1976,0.03562
Baden-Württemberg,Solar,1977,0.01048
Baden-Württemberg,Solar,1978,0.0008399999999999999
Baden-Württemberg,Solar,1979,0.03494
Baden-Württemberg,Solar,1980,0.010945000000000002
Baden-Württemberg,Solar,1981,0.03267
Baden-Württemberg,Solar,1982,0.01816
Baden-Württemberg,Solar,1983,0.03795
Baden-Württemberg,Solar,1984,0.01991
Baden-Württemberg,Solar,1985,0.02134
Baden-Württemberg,Solar,1986,0.01909
Baden-Württemberg,Solar,1987,0.019945000000000004
Baden-Württemberg,Solar,1988,0.0104
Baden-Württemberg,Solar,1989,0.023280000000000002
Baden-Württemberg,Solar,1990,0.004584
Baden-Württemberg,Solar,1991,0.0626
Baden-Württemberg,Solar,1992,0.178039
Baden-Württemberg,Solar,1993,0.298863
Baden-Württemberg,Solar,1994,0.277854
Baden-Württemberg,Solar,1995,0.14615
Baden-Württemberg,Solar,1996,0.32220699999999997
Baden-Württemberg,Solar,1997,0.487484
Baden-Württemberg,Solar,1998,0.974316
Baden-Württemberg,Solar,1999,1.40136
Baden-Württemberg,Solar,2000,7.717772
Baden-Württemberg,Solar,2001,24.64424
Baden-Württemberg,Solar,2002,28.461548
Baden-Württemberg,Solar,2003,39.232228
Baden-Württemberg,Solar,2004,123.364396
Baden-Württemberg,Solar,2005,194.615622
Baden-Württemberg,Solar,2006,192.617956
Baden-Württemberg,Solar,2007,260.555527
Baden-Württemberg,Solar,2008,394.55356
Baden-Württemberg,Solar,2009,629.113937
Baden-Württemberg,Solar,2010,1019.970544
Baden-Württemberg,Solar,2011,877.540998
Baden-Württemberg,Solar,2012,583.595426
Baden-Württemberg,Solar,2013,348.96276900000004
Baden-Württemberg,Solar,2014,247.474427
Baden-Württemberg,Solar,2015,161.381579
Baden-Württemberg,Solar,2016,143.032846
Baden-Württemberg,Solar,2017,205.113938
Baden-Württemberg,Solar,2018,307.938825
Baden-Württemberg,Solar,2019,444.400785
Baden-Württemberg,Solar,2020,619.610659
Baden-Württemberg,Solar,2021,629.888365
Baden-Württemberg,Solar,2022,824.7181039999999
Baden-Württemberg,Solar,2023,2020.0174140000001
Baden-Württemberg,Solar,2024,2184.547279
Baden-Württemberg,Solar,2025,159.76496600000002
Baden-Württemberg,Wind onshore,1989,0.03
Baden-Württemberg,Wind onshore,1991,0.095
Baden-Württemberg,Wind onshore,1992,0.28
Baden-Württemberg,Wind onshore,1993,0.11
Baden-Württemberg,Wind onshore,1994,0.005
Baden-Württemberg,Wind onshore,1996,3.135
Baden-Württemberg,Wind onshore,1997,5.9
Baden-Württemberg,Wind onshore,1998,4.795
Baden-Württemberg,Wind onshore,1999,6.9
Baden-Württemberg,Wind onshore,2000,35.31
Baden-Württemberg,Wind onshore,2001,39.660000000000004
Baden-Württemberg,Wind onshore,2002,77.43
Baden-Württemberg,Wind onshore,2003,34.804
Baden-Württemberg,Wind onshore,2004,39.1
Baden-Württemberg,Wind onshore,2005,16.18
Baden-Württemberg,Wind onshore,2006,65.6
Baden-Württemberg,Wind onshore,2007,79.35
Baden-Württemberg,Wind onshore,2008,8.2
Baden-Württemberg,Wind onshore,2009,37.6128
Baden-Württemberg,Wind onshore,2010,17.610599999999998
Baden-Württemberg,Wind onshore,2011,17.0137
Baden-Württemberg,Wind onshore,2012,18.9452
Baden-Württemberg,Wind onshore,2013,34.4805
Baden-Württemberg,Wind onshore,2014,16.481243
Baden-Württemberg,Wind onshore,2015,146.156
Baden-Württemberg,Wind onshore,2016,336.0138
Baden-Württemberg,Wind onshore,2017,388.965
Baden-Württemberg,Wind onshore,2018,115.03
Baden-Württemberg,Wind onshore,2019,17.7237
Baden-Württemberg,Wind onshore,2020,37.2591
Baden-Württemberg,Wind onshore,2021,114.4115
Baden-Württemberg,Wind onshore,2022,37.5102
Baden-Württemberg,Wind onshore,2023,58.5158
Baden-Württemberg,Wind onshore,2024,110.7882
Baden-Württemberg,Wind onshore,2025,15.3038
Bayern,Biomass,1983,0.08
Bayern,Biomass,1988,2.65
Bayern,Biomass,1991,0.46
Bayern,Biomass,1992,2.204
Bayern,Biomass,1993,0.005
Bayern,Biomass,1994,0.34600000000000003
Bayern,Biomass,1995,1.5005
Bayern,Biomass,1996,1.69
Bayern,Biomass,1997,6.388
Bayern,Biomass,1998,1.9015
Bayern,Biomass,1999,14.4
Bayern,Biomass,2000,14.632
Bayern,Biomass,2001,49.15
Bayern,Biomass,2002,18.9915
Bayern,Biomass,2003,30.3805
Bayern,Biomass,2004,41.4251
Bayern,Biomass,2005,107.1428
Bayern,Biomass,2006,153.06186
Bayern,Biomass,2007,118.6417
Bayern,Biomass,2008,65.4058
Bayern,Biomass,2009,63.63312
Bayern,Biomass,2010,129.7912
Bayern,Biomass,2011,189.864
Bayern,Biomass,2012,86.59196
Bayern,Biomass,2013,70.11953
Bayern,Biomass,2014,155.4267
Bayern,Biomass,2015,38.69221
Bayern,Biomass,2016,67.2885
Bayern,Biomass,2017,106.2469
Bayern,Biomass,2018,135.79151000000002
Bayern,Biomass,2019,82.29814999999999
Bayern,Biomass,2020,91.09700000000001
Bayern,Biomass,2021,50.3982
Bayern,Biomass,2022,24.764
Bayern,Biomass,2023,28.7246
Bayern,Biomass,2024,24.239
Bayern,Biomass,2025,4.082
Bayern,Hydropower,1900,3.1787
Bayern,Hydropower,1901,12.7925
Bayern,Hydropower,1902,0.022
Bayern,Hydropower,1903,0.4049999999999999
Bayern,Hydropower,1904,9.907
Bayern,Hydropower,1905,0.21925
Bayern,Hydropower,1906,1.2985
Bayern,Hydropower,1907,10.2435
Bayern,Hydropower,1908,5.2645
Bayern,Hydropower,1909,0.202
Bayern,Hydropower,1910,14.5005
Bayern,Hydropower,1911,0.2721
Bayern,Hydropower,1912,0.6020000000000001
Bayern,Hydropower,1913,0.5059
Bayern,Hydropower,1914,12.1785
Bayern,Hydropower,1915,1.519
Bayern,Hydropower,1917,0.03
Bayern,Hydropower,1918,0.1225
Bayern,Hydropower,1919,1.056
Bayern,Hydropower,1920,22.713
Bayern,Hydropower,1921,4.674
Bayern,Hydropower,1922,38.41028
Bayern,Hydropower,1923,35.083800000000004
Bayern,Hydropower,1924,258.901
Bayern,Hydropower,1925,37.15386
Bayern,Hydropower,1926,1.1015000000000001
Bayern,Hydropower,1927,57.551
Bayern,Hydropower,1928,0.184
Bayern,Hydropower,1929,36.561
Bayern,Hydropower,1930,34.396
Bayern,Hydropower,1931,20.099899999999998
Bayern,Hydropower,1932,1.7745
Bayern,Hydropower,1933,1.729
Bayern,Hydropower,1934,2.966
Bayern,Hydropower,1935,0.324
Bayern,Hydropower,1936,0.3084
Bayern,Hydropower,1937,0.6695
Bayern,Hydropower,1938,105.382
Bayern,Hydropower,1939,12.039
Bayern,Hydropower,1940,10.3805
Bayern,Hydropower,1941,0.1
Bayern,Hydropower,1942,74.75450000000001
Bayern,Hydropower,1943,36.0453
Bayern,Hydropower,1944,33.184
Bayern,Hydropower,1945,0.10899999999999999
Bayern,Hydropower,1946,13.824599999999998
Bayern,Hydropower,1947,7.667999999999999
Bayern,Hydropower,1948,12.6207
Bayern,Hydropower,1949,15.381
Bayern,Hydropower,1950,50.110499999999995
Bayern,Hydropower,1951,93.217
Bayern,Hydropower,1952,13.6621
Bayern,Hydropower,1953,2.0115
Bayern,Hydropower,1954,166.9629
Bayern,Hydropower,1955,54.0797
Bayern,Hydropower,1956,148.5379
Bayern,Hydropower,1957,32.2365
Bayern,Hydropower,1958,12.356375
Bayern,Hydropower,1959,14.5329
Bayern,Hydropower,1960,73.030849
Bayern,Hydropower,1961,19.0015
Bayern,Hydropower,1962,25.03536
Bayern,Hydropower,1963,13.577499999999999
Bayern,Hydropower,1964,10.498999999999999
Bayern,Hydropower,1965,101.76952
Bayern,Hydropower,1966,15.6357
Bayern,Hydropower,1967,34.26595
Bayern,Hydropower,1968,3.0315
Bayern,Hydropower,1969,21.8492
Bayern,Hydropower,1970,71.4705
Bayern,Hydropower,1971,50.2462
Bayern,Hydropower,1972,0.7676
Bayern,Hydropower,1973,2.1995
Bayern,Hydropower,1974,6.3767
Bayern,Hydropower,1975,19.243499999999997
Bayern,Hydropower,1976,2.818
Bayern,Hydropower,1977,28.555
Bayern,Hydropower,1978,23.122
Bayern,Hydropower,1979,4.0632
Bayern,Hydropower,1980,17.537
Bayern,Hydropower,1981,22.335
Bayern,Hydropower,1982,66.1018
Bayern,Hydropower,1983,30.662
Bayern,Hydropower,1984,36.6384
Bayern,Hydropower,1985,27.41742
Bayern,Hydropower,1986,3.1854
Bayern,Hydropower,1987,10.9375
Bayern,Hydropower,1988,14.807099999999998
Bayern,Hydropower,1989,2.044
Bayern,Hydropower,1990,4.3709999999999996
Bayern,Hydropower,1991,2.7179
Bayern,Hydropower,1992,106.54079999999999
Bayern,Hydropower,1993,6.476699999999999
Bayern,Hydropower,1994,38.76278
Bayern,Hydropower,1995,3.1695
Bayern,Hydropower,1996,4.999
Bayern,Hydropower,1997,4.46251
Bayern,Hydropower,1998,5.4954
Bayern,Hydropower,1999,13.6516
Bayern,Hydropower,2000,34.57253
Bayern,Hydropower,2001,4.3715
Bayern,Hydropower,2002,6.7553
Bayern,Hydropower,2003,4.4228
Bayern,Hydropower,2004,12.77552
Bayern,Hydropower,2005,10.1291
Bayern,Hydropower,2006,10.27776
Bayern,Hydropower,2007,27.29577
Bayern,Hydropower,2008,5.3840200000000005
Bayern,Hydropower,2009,41.990785
Bayern,Hydropower,2010,18.28125
Bayern,Hydropower,2011,38.77981
Bayern,Hydropower,2012,13.86155
Bayern,Hydropower,2013,17.0855
Bayern,Hydropower,2014,2.88917
Bayern,Hydropower,2015,2.94394
Bayern,Hydropower,2016,8.3436
Bayern,Hydropower,2017,3.94822
Bayern,Hydropower,2018,7.4669
Bayern,Hydropower,2019,2.86873
Bayern,Hydropower,2020,9.41307
Bayern,Hydropower,2021,5.8222
Bayern,Hydropower,2022,121.6238
Bayern,Hydropower,2023,0.351701
Bayern,Hydropower,2024,4.2621
Bayern,Hydropower,2025,0.02
Bayern,Solar,1907,0.00522
Bayern,Solar,1909,0.03175
Bayern,Solar,1913,0.01389
Bayern,Solar,1914,0.01389
Bayern,Solar,1915,0.028720000000000002
Bayern,Solar,1916,0.013480000000000002
Bayern,Solar,1917,0.01677
Bayern,Solar,1918,0.003706
Bayern,Solar,1920,0.01448
Bayern,Solar,1921,0.00924
Bayern,Solar,1923,0.022699999999999998
Bayern,Solar,1924,0.01769
Bayern,Solar,1936,0.015
Bayern,Solar,1938,0.0006
Bayern,Solar,1940,0.0014399999999999999
Bayern,Solar,1944,0.005
Bayern,Solar,1945,0.01157
Bayern,Solar,1946,0.0006
Bayern,Solar,1947,0.0043
Bayern,Solar,1948,0.01192
Bayern,Solar,1949,0.015045
Bayern,Solar,1950,0.00114
Bayern,Solar,1951,0.008
Bayern,Solar,1952,0.011880000000000002
Bayern,Solar,1954,0.036455
Bayern,Solar,1955,0.052165
Bayern,Solar,1958,0.01427
Bayern,Solar,1959,0.03438
Bayern,Solar,1960,0.01905
Bayern,Solar,1961,0.06855
Bayern,Solar,1962,0.018690000000000002
Bayern,Solar,1963,0.05345
Bayern,Solar,1964,0.01993
Bayern,Solar,1965,0.006719999999999999
Bayern,Solar,1966,0.046779999999999995
Bayern,Solar,1967,0.01865
Bayern,Solar,1968,0.01377
Bayern,Solar,1969,0.030440000000000002
Bayern,Solar,1970,0.03574
Bayern,Solar,1971,0.01
Bayern,Solar,1972,0.04077
Bayern,Solar,1973,0.043949999999999996
Bayern,Solar,1974,0.00354
Bayern,Solar,1975,0.00626
Bayern,Solar,1976,0.00936
Bayern,Solar,1977,0.04893
Bayern,Solar,1978,0.02433
Bayern,Solar,1979,0.045215000000000005
Bayern,Solar,1980,0.118295
Bayern,Solar,1981,0.00874
Bayern,Solar,1982,0.05247
Bayern,Solar,1983,0.00315
Bayern,Solar,1984,0.129
Bayern,Solar,1985,0.028055000000000004
Bayern,Solar,1986,0.00588
Bayern,Solar,1987,0.01991
Bayern,Solar,1988,0.02894
Bayern,Solar,1990,0.27652
Bayern,Solar,1991,0.07749400000000001
Bayern,Solar,1992,0.13015100000000002
Bayern,Solar,1993,0.24651900000000002
Bayern,Solar,1994,0.176197
Bayern,Solar,1995,0.153844
Bayern,Solar,1996,0.616639
Bayern,Solar,1997,1.938779
Bayern,Solar,1998,1.3713739999999999
Bayern,Solar,1999,2.312713
Bayern,Solar,2000,14.602208000000001
Bayern,Solar,2001,39.02084
Bayern,Solar,2002,51.531988
Bayern,Solar,2003,73.31810300000001
Bayern,Solar,2004,311.845473
Bayern,Solar,2005,395.69618299999996
Bayern,Solar,2006,294.939678
Bayern,Solar,2007,457.219377
Bayern,Solar,2008,697.634537
Bayern,Solar,2009,1721.638199
Bayern,Solar,2010,2412.691379
Bayern,Solar,2011,1835.753299
Bayern,Solar,2012,1388.5260660000001
Bayern,Solar,2013,838.294154
Bayern,Solar,2014,404.768791
Bayern,Solar,2015,297.234539
Bayern,Solar,2016,242.978923
Bayern,Solar,2017,413.924651
Bayern,Solar,2018,681.562501
Bayern,Solar,2019,976.4214069999999
Bayern,Solar,2020,1357.76198
Bayern,Solar,2021,1566.0785600000002
Bayern,Solar,2022,2202.0313570000003
Bayern,Solar,2023,3996.906335
Bayern,Solar,2024,4060.557287
Bayern,Solar,2025,271.476562
Bayern,Wind onshore,1989,0.036
Bayern,Wind onshore,1990,0.15
Bayern,Wind onshore,1992,0.08
Bayern,Wind onshore,1993,0.08
Bayern,Wind onshore,1994,0.58
Bayern,Wind onshore,1995,2.2
Bayern,Wind onshore,1996,1.7
Bayern,Wind onshore,1997,3.73
Bayern,Wind onshore,1998,7.630000000000001
Bayern,Wind onshore,1999,17.73175
Bayern,Wind onshore,2000,12.62
Bayern,Wind onshore,2001,31.23
Bayern,Wind onshore,2002,47.3825
Bayern,Wind onshore,2003,30.104
Bayern,Wind onshore,2004,28.9
Bayern,Wind onshore,2005,29.408
Bayern,Wind onshore,2006,77.35
Bayern,Wind onshore,2007,51.9515
Bayern,Wind onshore,2008,6.8515
Bayern,Wind onshore,2009,75.0135
Bayern,Wind onshore,2010,44.9146
Bayern,Wind onshore,2011,152.05584
Bayern,Wind onshore,2012,206.778085
Bayern,Wind onshore,2013,236.84769
Bayern,Wind onshore,2014,432.6712
Bayern,Wind onshore,2015,366.49096
Bayern,Wind onshore,2016,291.5404
Bayern,Wind onshore,2017,314.0281
Bayern,Wind onshore,2018,23.504179999999998
Bayern,Wind onshore,2019,17.9482
Bayern,Wind onshore,2020,31.7136
Bayern,Wind onshore,2021,26.9392
Bayern,Wind onshore,2022,44.4051
Bayern,Wind onshore,2023,25.5591
Bayern,Wind onshore,2024,49.95192
Bayern,Wind onshore,2025,0.001
Berlin,Biomass,2004,21.638
Berlin,Biomass,2007,0.26
Berlin,Biomass,2008,0.6
Berlin,Biomass,2011,2.733
Berlin,Biomass,2012,5.08
Berlin,Biomass,2013,1.6059999999999999
Berlin,Biomass,2014,8.687600000000002
Berlin,Biomass,2015,0.022
Berlin,Biomass,2016,0.16899999999999998
Berlin,Biomass,2018,0.247
Berlin,Biomass,2019,0.14600000000000002
Berlin,Biomass,2020,0.053000000000000005
Berlin,Biomass,2021,0.071
Berlin,Solar,1950,0.00747
Berlin,Solar,1951,0.0004
Berlin,Solar,1957,0.0012
Berlin,Solar,1959,0.00075
Berlin,Solar,1961,0.0025
Berlin,Solar,1968,0.014960000000000001
Berlin,Solar,1976,0.01
Berlin,Solar,1987,0.00038
Berlin,Solar,1989,0.0012
Berlin,Solar,1990,0.01246
Berlin,Solar,1991,0.02193
Berlin,Solar,1992,0.10518
Berlin,Solar,1993,0.03276
Berlin,Solar,1994,0.042538
Berlin,Solar,1995,0.05103
Berlin,Solar,1996,0.11921999999999999
Berlin,Solar,1997,0.143806
Berlin,Solar,1998,0.169346
Berlin,Solar,1999,0.44759899999999997
Berlin,Solar,2000,0.6994360000000001
Berlin,Solar,2001,0.92741
Berlin,Solar,2002,0.5459740000000001
Berlin,Solar,2003,0.250465
Berlin,Solar,2004,0.655863
Berlin,Solar,2005,0.7506120000000001
Berlin,Solar,2006,1.197889
Berlin,Solar,2007,1.650595
Berlin,Solar,2008,4.0257380000000005
Berlin,Solar,2009,10.610021999999999
Berlin,Solar,2010,12.918852000000001
Berlin,Solar,2011,13.048202
Berlin,Solar,2012,12.272231999999999
Berlin,Solar,2013,5.923408
Berlin,Solar,2014,10.320618
Berlin,Solar,2015,5.851107
Berlin,Solar,2016,3.076001
Berlin,Solar,2017,10.553566
Berlin,Solar,2018,7.459745
Berlin,Solar,2019,11.412129
Berlin,Solar,2020,19.77092
Berlin,Solar,2021,26.519597
Berlin,Solar,2022,34.974976000000005
Berlin,Solar,2023,88.676811
Berlin,Solar,2024,98.633814
Berlin,Solar,2025,6.722803
Berlin,Wind onshore,2008,2.0
Berlin,Wind onshore,2014,2.3
Berlin,Wind onshore,2015,4.7
Berlin,Wind onshore,2016,3.3734
Berlin,Wind onshore,2021,4.2
Berlin,Wind onshore,2024,0.001
Brandenburg,Biomass,1994,4.5
Brandenburg,Biomass,1997,5.741
Brandenburg,Biomass,1999,3.3899999999999997
Brandenburg,Biomass,2000,0.23399999999999999
Brandenburg,Biomass,2001,22.132
Brandenburg,Biomass,2002,40.315
Brandenburg,Biomass,2003,24.679000000000002
Brandenburg,Biomass,2004,28.381
Brandenburg,Biomass,2005,17.418
Brandenburg,Biomass,2006,55.361
Brandenburg,Biomass,2007,44.574
Brandenburg,Biomass,2008,24.881
Brandenburg,Biomass,2009,22.976000000000003
Brandenburg,Biomass,2010,25.134
Brandenburg,Biomass,2011,55.461
Brandenburg,Biomass,2012,18.811
Brandenburg,Biomass,2013,22.817
Brandenburg,Biomass,2014,23.8929
Brandenburg,Biomass,2015,4.455
Brandenburg,Biomass,2016,3.6470000000000002
Brandenburg,Biomass,2017,3.714
Brandenburg,Biomass,2018,9.3242
Brandenburg,Biomass,2019,5.9510000000000005
Brandenburg,Biomass,2020,15.028
Brandenburg,Biomass,2021,19.873
Brandenburg,Biomass,2022,7.205
Brandenburg,Biomass,2023,5.8523000000000005
Brandenburg,Biomass,2024,7.717
Brandenburg,Biomass,2025,0.037
Brandenburg,Hydropower,1965,0.9875
Brandenburg,Hydropower,1993,0.8835
Brandenburg,Hydropower,1994,0.16999999999999998
Brandenburg,Hydropower,1996,0.55
Brandenburg,Hydropower,1997,0.0172
Brandenburg,Hydropower,1998,0.012
Brandenburg,Hydropower,1999,0.006
Brandenburg,Hydropower,2000,0.26
Brandenburg,Hydropower,2002,0.011
Brandenburg,Hydropower,2004,0.008
Brandenburg,Hydropower,2005,0.0185
Brandenburg,Hydropower,2006,0.011
Brandenburg,Hydropower,2007,0.03
Brandenburg,Hydropower,2009,0.2685
Brandenburg,Hydropower,2010,0.1016
Brandenburg,Hydropower,2011,0.42500000000000004
Brandenburg,Hydropower,2012,0.07
Brandenburg,Hydropower,2013,0.09184
Brandenburg,Hydropower,2014,0.003
Brandenburg,Hydropower,2015,0.0075
Brandenburg,Hydropower,2017,0.78
Brandenburg,Solar,1912,0.0045780000000000005
Brandenburg,Solar,1913,0.00625
Brandenburg,Solar,1921,0.0128
Brandenburg,Solar,1923,0.0050999999999999995
Brandenburg,Solar,1932,0.0064
Brandenburg,Solar,1945,0.008199999999999999
Brandenburg,Solar,1949,0.0016
Brandenburg,Solar,1950,0.01125
Brandenburg,Solar,1956,0.01516
Brandenburg,Solar,1957,0.0024
Brandenburg,Solar,1958,0.00023999999999999998
Brandenburg,Solar,1959,0.00902
Brandenburg,Solar,1960,0.01875
Brandenburg,Solar,1961,0.01157
Brandenburg,Solar,1962,0.02538
Brandenburg,Solar,1963,0.014499999999999999
Brandenburg,Solar,1964,0.00404
Brandenburg,Solar,1966,0.003
Brandenburg,Solar,1968,0.0054
Brandenburg,Solar,1969,0.0096
Brandenburg,Solar,1971,0.0016
Brandenburg,Solar,1975,0.01148
Brandenburg,Solar,1977,0.011800000000000001
Brandenburg,Solar,1979,0.0006
Brandenburg,Solar,1980,0.00968
Brandenburg,Solar,1981,0.02129
Brandenburg,Solar,1984,0.0024200000000000003
Brandenburg,Solar,1985,0.00075
Brandenburg,Solar,1991,0.0023
Brandenburg,Solar,1992,0.02118
Brandenburg,Solar,1993,0.084878
Brandenburg,Solar,1994,0.161792
Brandenburg,Solar,1995,0.05457
Brandenburg,Solar,1996,0.027258
Brandenburg,Solar,1997,0.021901999999999998
Brandenburg,Solar,1998,0.01196
Brandenburg,Solar,1999,0.058387999999999995
Brandenburg,Solar,2000,0.189194
Brandenburg,Solar,2001,1.231814
Brandenburg,Solar,2002,0.6227119999999999
Brandenburg,Solar,2003,0.711035
Brandenburg,Solar,2004,3.4205740000000002
Brandenburg,Solar,2005,6.768105
Brandenburg,Solar,2006,8.46041
Brandenburg,Solar,2007,18.785623
Brandenburg,Solar,2008,37.39712
Brandenburg,Solar,2009,183.324633
Brandenburg,Solar,2010,403.861361
Brandenburg,Solar,2011,987.7372389999999
Brandenburg,Solar,2012,912.634595
Brandenburg,Solar,2013,184.574927
Brandenburg,Solar,2014,127.96388400000001
Brandenburg,Solar,2015,145.226824
Brandenburg,Solar,2016,201.085632
Brandenburg,Solar,2017,169.792869
Brandenburg,Solar,2018,324.485616
Brandenburg,Solar,2019,302.903701
Brandenburg,Solar,2020,442.46558699999997
Brandenburg,Solar,2021,348.35161500000004
Brandenburg,Solar,2022,829.484738
Brandenburg,Solar,2023,984.050818
Brandenburg,Solar,2024,1335.455825
Brandenburg,Solar,2025,32.361186
Brandenburg,Wind onshore,1992,0.373
Brandenburg,Wind onshore,1993,1.6500000000000001
Brandenburg,Wind onshore,1994,12.174
Brandenburg,Wind onshore,1995,12.58
Brandenburg,Wind onshore,1996,14.0
Brandenburg,Wind onshore,1997,12.2
Brandenburg,Wind onshore,1998,40.05
Brandenburg,Wind onshore,1999,73.9
Brandenburg,Wind onshore,2000,92.35
Brandenburg,Wind onshore,2001,281.4
Brandenburg,Wind onshore,2002,445.5
Brandenburg,Wind onshore,2003,607.03
Brandenburg,Wind onshore,2004,363.75
Brandenburg,Wind onshore,2005,409.6
Brandenburg,Wind onshore,2006,489.9
Brandenburg,Wind onshore,2007,245.75
Brandenburg,Wind onshore,2008,127.89999999999999
Brandenburg,Wind onshore,2009,689.7
Brandenburg,Wind onshore,2010,230.0
Brandenburg,Wind onshore,2011,165.7774
Brandenburg,Wind onshore,2012,270.375
Brandenburg,Wind onshore,2013,263.26725
Brandenburg,Wind onshore,2014,475.657
Brandenburg,Wind onshore,2015,426.2661
Brandenburg,Wind onshore,2016,481.676
Brandenburg,Wind onshore,2017,540.731
Brandenburg,Wind onshore,2018,297.95
Brandenburg,Wind onshore,2019,201.33
Brandenburg,Wind onshore,2020,242.2646
Brandenburg,Wind onshore,2021,414.5235
Brandenburg,Wind onshore,2022,424.495
Brandenburg,Wind onshore,2023,430.5696
Brandenburg,Wind onshore,2024,360.104
Brandenburg,Wind onshore,2025,45.3
Bremen,Biomass,2002,5.0
Bremen,Biomass,2004,2.188
Bremen,Biomass,2005,1.15
Bremen,Biomass,2011,3.518
Bremen,Biomass,2012,0.5337000000000001
Bremen,Biomass,2017,0.1
Bremen,Biomass,2021,0.05
Bremen,Biomass,2022,0.02
Bremen,Hydropower,2011,10.0
Bremen,Solar,1954,0.0008
Bremen,Solar,1956,0.00176
Bremen,Solar,1961,0.09963
Bremen,Solar,1966,0.00365
Bremen,Solar,1971,0.0008
Bremen,Solar,1987,0.00174
Bremen,Solar,1988,0.0011
Bremen,Solar,1992,0.037602
Bremen,Solar,1993,0.039176
Bremen,Solar,1994,0.026160000000000003
Bremen,Solar,1995,0.0048000000000000004
Bremen,Solar,1996,0.01084
Bremen,Solar,1997,0.01882
Bremen,Solar,1998,0.007450000000000001
Bremen,Solar,1999,0.04319
Bremen,Solar,2000,0.139316
Bremen,Solar,2001,0.17071
Bremen,Solar,2002,0.105762
Bremen,Solar,2003,0.112552
Bremen,Solar,2004,0.22056
Bremen,Solar,2005,0.460663
Bremen,Solar,2006,0.561139
Bremen,Solar,2007,0.667399
Bremen,Solar,2008,1.78504
Bremen,Solar,2009,2.023545
Bremen,Solar,2010,7.497708
Bremen,Solar,2011,9.802809
Bremen,Solar,2012,6.833636
Bremen,Solar,2013,3.142585
Bremen,Solar,2014,4.143485
Bremen,Solar,2015,1.750139
Bremen,Solar,2016,1.0875350000000001
Bremen,Solar,2017,0.9756849999999999
Bremen,Solar,2018,2.06653
Bremen,Solar,2019,3.895005
Bremen,Solar,2020,4.349309
Bremen,Solar,2021,8.053221
Bremen,Solar,2022,6.8701159999999994
Bremen,Solar,2023,34.354589000000004
Bremen,Solar,2024,33.317591
Bremen,Solar,2025,1.61011
Bremen,Wind onshore,1991,0.15
Bremen,Wind onshore,1992,0.9500000000000001
Bremen,Wind onshore,1993,0.15
Bremen,Wind onshore,1994,0.05
Bremen,Wind onshore,1997,1.7999999999999998
Bremen,Wind onshore,1998,0.5
Bremen,Wind onshore,1999,2.4
Bremen,Wind onshore,2000,0.63
Bremen,Wind onshore,2002,22.0
Bremen,Wind onshore,2003,1.8
Bremen,Wind onshore,2004,12.0
Bremen,Wind onshore,2005,5.199999999999999
Bremen,Wind onshore,2006,13.899999999999999
Bremen,Wind onshore,2007,4.9
Bremen,Wind onshore,2008,10.0
Bremen,Wind onshore,2009,9.8
Bremen,Wind onshore,2010,25.869999999999997
Bremen,Wind onshore,2011,21.599999999999998
Bremen,Wind onshore,2012,10.23
Bremen,Wind onshore,2013,7.004
Bremen,Wind onshore,2014,11.799999999999999
Bremen,Wind onshore,2015,11.37
Bremen,Wind onshore,2016,3.0
Bremen,Wind onshore,2017,11.4
Bremen,Wind onshore,2018,12.8
Bremen,Wind onshore,2019,0.01
Bremen,Wind onshore,2023,3.6
Hamburg,Biomass,2000,4.9
Hamburg,Biomass,2004,2.0
Hamburg,Biomass,2005,40.519999999999996
Hamburg,Biomass,2006,0.15
Hamburg,Biomass,2007,0.32
Hamburg,Biomass,2008,2.825
Hamburg,Biomass,2009,0.823
Hamburg,Biomass,2010,1.556
Hamburg,Biomass,2011,1.5825
Hamburg,Biomass,2012,3.257
Hamburg,Biomass,2013,7.361000000000001
Hamburg,Biomass,2014,3.641
Hamburg,Biomass,2016,0.022
Hamburg,Biomass,2018,0.07919999999999999
Hamburg,Biomass,2019,0.033
Hamburg,Biomass,2024,0.169
Hamburg,Hydropower,2000,0.12
Hamburg,Solar,1960,0.0085
Hamburg,Solar,1966,0.015925
Hamburg,Solar,1970,0.0008
Hamburg,Solar,1990,0.00549
Hamburg,Solar,1991,0.05122499999999999
Hamburg,Solar,1992,0.04451
Hamburg,Solar,1993,0.029706
Hamburg,Solar,1994,0.02247
Hamburg,Solar,1995,0.010704
Hamburg,Solar,1996,0.17295
Hamburg,Solar,1997,0.473115
Hamburg,Solar,1998,0.302391
Hamburg,Solar,1999,0.218045
Hamburg,Solar,2000,0.263464
Hamburg,Solar,2001,0.262636
Hamburg,Solar,2002,0.168609
Hamburg,Solar,2003,0.149284
Hamburg,Solar,2004,0.369829
Hamburg,Solar,2005,0.548682
Hamburg,Solar,2006,0.849254
Hamburg,Solar,2007,0.685205
Hamburg,Solar,2008,1.588452
Hamburg,Solar,2009,3.271648
Hamburg,Solar,2010,4.756072
Hamburg,Solar,2011,10.054102
Hamburg,Solar,2012,5.550333999999999
Hamburg,Solar,2013,3.591508
Hamburg,Solar,2014,1.600943
Hamburg,Solar,2015,1.317396
Hamburg,Solar,2016,1.465352
Hamburg,Solar,2017,2.66161
Hamburg,Solar,2018,3.866999
Hamburg,Solar,2019,5.237665
Hamburg,Solar,2020,9.463195
Hamburg,Solar,2021,9.291474000000001
Hamburg,Solar,2022,13.834133
Hamburg,Solar,2023,48.012567
Hamburg,Solar,2024,56.105472
Hamburg,Solar,2025,4.381209
Hamburg,Wind onshore,1993,0.3
Hamburg,Wind onshore,1995,2.07
Hamburg,Wind onshore,1996,3.8
Hamburg,Wind onshore,1997,1.6
Hamburg,Wind onshore,1998,2.1
Hamburg,Wind onshore,2000,4.2
Hamburg,Wind onshore,2001,1.7999999999999998
Hamburg,Wind onshore,2002,2.4
Hamburg,Wind onshore,2004,1.5
Hamburg,Wind onshore,2007,0.01
Hamburg,Wind onshore,2009,12.0
Hamburg,Wind onshore,2010,5.0
Hamburg,Wind onshore,2011,3.37
Hamburg,Wind onshore,2013,2.4
Hamburg,Wind onshore,2014,5.006
Hamburg,Wind onshore,2015,8.0
Hamburg,Wind onshore,2016,4.7
Hamburg,Wind onshore,2017,50.25
Hamburg,Wind onshore,2018,11.401
Hamburg,Wind onshore,2019,0.0028
Hamburg,Wind onshore,2023,3.6
Hamburg,Wind onshore,2024,0.0018
Hessen,Biomass,1981,7.0
Hessen,Biomass,1988,5.5
Hessen,Biomass,1990,0.04
Hessen,Biomass,1994,0.115
Hessen,Biomass,1995,0.528
Hessen,Biomass,1997,0.222
Hessen,Biomass,1998,8.8
Hessen,Biomass,2000,6.072000000000001
Hessen,Biomass,2001,0.5
Hessen,Biomass,2002,1.14
Hessen,Biomass,2003,15.886
Hessen,Biomass,2004,15.822999999999999
Hessen,Biomass,2005,8.347
Hessen,Biomass,2006,12.235
Hessen,Biomass,2007,15.77561
Hessen,Biomass,2008,14.950099999999999
Hessen,Biomass,2009,23.866
Hessen,Biomass,2010,15.23915
Hessen,Biomass,2011,28.834600000000002
Hessen,Biomass,2012,15.9635
Hessen,Biomass,2013,25.57574
Hessen,Biomass,2014,27.733
Hessen,Biomass,2015,6.265
Hessen,Biomass,2016,5.145
Hessen,Biomass,2017,9.836
Hessen,Biomass,2018,8.704
Hessen,Biomass,2019,11.547
Hessen,Biomass,2020,12.586
Hessen,Biomass,2021,6.493
Hessen,Biomass,2022,4.099
Hessen,Biomass,2023,2.893
Hessen,Biomass,2024,1.743
Hessen,Biomass,2025,0.0008
Hessen,Hydropower,1900,0.011
Hessen,Hydropower,1902,0.1251
Hessen,Hydropower,1906,0.10099999999999999
Hessen,Hydropower,1907,0.03
Hessen,Hydropower,1908,0.385
Hessen,Hydropower,1910,0.08099999999999999
Hessen,Hydropower,1912,0.235
Hessen,Hydropower,1915,20.0
Hessen,Hydropower,1919,0.655
Hessen,Hydropower,1920,0.192
Hessen,Hydropower,1921,5.95
Hessen,Hydropower,1923,0.235
Hessen,Hydropower,1924,0.6
Hessen,Hydropower,1925,0.875
Hessen,Hydropower,1926,0.535
Hessen,Hydropower,1928,1.5250000000000001
Hessen,Hydropower,1929,4.745
Hessen,Hydropower,1930,0.03
Hessen,Hydropower,1931,4.4
Hessen,Hydropower,1932,0.16
Hessen,Hydropower,1933,11.0
Hessen,Hydropower,1934,0.167
Hessen,Hydropower,1935,0.019
Hessen,Hydropower,1936,0.045
Hessen,Hydropower,1937,0.03
Hessen,Hydropower,1938,0.011
Hessen,Hydropower,1940,0.03
Hessen,Hydropower,1941,5.4
Hessen,Hydropower,1943,0.36
Hessen,Hydropower,1946,0.019
Hessen,Hydropower,1947,0.015
Hessen,Hydropower,1949,0.11109000000000001
Hessen,Hydropower,1950,0.044
Hessen,Hydropower,1953,0.322
Hessen,Hydropower,1954,0.025
Hessen,Hydropower,1955,0.364
Hessen,Hydropower,1956,0.251
Hessen,Hydropower,1957,0.428
Hessen,Hydropower,1958,0.181
Hessen,Hydropower,1959,0.0901
Hessen,Hydropower,1960,0.0875
Hessen,Hydropower,1961,0.146
Hessen,Hydropower,1962,0.0345
Hessen,Hydropower,1963,0.3577
Hessen,Hydropower,1964,0.0398
Hessen,Hydropower,1966,0.4835
Hessen,Hydropower,1968,0.011
Hessen,Hydropower,1969,0.1235
Hessen,Hydropower,1970,0.0535
Hessen,Hydropower,1972,0.2207
Hessen,Hydropower,1973,0.11599999999999999
Hessen,Hydropower,1974,0.0822
Hessen,Hydropower,1975,0.075
Hessen,Hydropower,1977,0.09000000000000001
Hessen,Hydropower,1978,0.985
Hessen,Hydropower,1980,0.3921
Hessen,Hydropower,1981,0.294
Hessen,Hydropower,1982,0.45
Hessen,Hydropower,1983,0.2581
Hessen,Hydropower,1984,0.30169999999999997
Hessen,Hydropower,1985,4.5102
Hessen,Hydropower,1986,0.54787
Hessen,Hydropower,1987,0.224
Hessen,Hydropower,1988,0.057300000000000004
Hessen,Hydropower,1989,0.19672
Hessen,Hydropower,1990,0.7245
Hessen,Hydropower,1991,1.7530000000000001
Hessen,Hydropower,1992,1.8522
Hessen,Hydropower,1993,0.449
Hessen,Hydropower,1994,0.0395
Hessen,Hydropower,1995,0.1016
Hessen,Hydropower,1996,0.0494
Hessen,Hydropower,1997,0.308
Hessen,Hydropower,1998,2.8375
Hessen,Hydropower,1999,0.0915
Hessen,Hydropower,2000,3.1483499999999998
Hessen,Hydropower,2001,0.1067
Hessen,Hydropower,2002,0.079
Hessen,Hydropower,2003,0.055
Hessen,Hydropower,2004,0.024
Hessen,Hydropower,2005,0.6516
Hessen,Hydropower,2006,0.3795
Hessen,Hydropower,2007,0.128
Hessen,Hydropower,2008,0.0167
Hessen,Hydropower,2009,5.56
Hessen,Hydropower,2010,0.8944
Hessen,Hydropower,2011,0.6034999999999999
Hessen,Hydropower,2012,0.351
Hessen,Hydropower,2013,0.2395
Hessen,Hydropower,2014,0.2441
Hessen,Hydropower,2015,0.976
Hessen,Hydropower,2016,0.6906
Hessen,Hydropower,2017,0.4366
Hessen,Hydropower,2018,0.5236000000000001
Hessen,Hydropower,2019,0.227
Hessen,Hydropower,2020,0.152
Hessen,Hydropower,2021,0.048413000000000005
Hessen,Hydropower,2022,0.704
Hessen,Hydropower,2024,0.0178
Hessen,Solar,1900,0.0009100000000000001
Hessen,Solar,1910,0.018449999999999998
Hessen,Solar,1912,0.014240000000000001
Hessen,Solar,1913,0.00525
Hessen,Solar,1915,0.00196
Hessen,Solar,1921,0.00536
Hessen,Solar,1922,0.00062
Hessen,Solar,1923,0.00858
Hessen,Solar,1924,0.00498
Hessen,Solar,1935,0.00352
Hessen,Solar,1941,0.00082
Hessen,Solar,1943,0.0105
Hessen,Solar,1948,0.011859999999999999
Hessen,Solar,1949,0.0063
Hessen,Solar,1950,0.0014
Hessen,Solar,1951,0.00578
Hessen,Solar,1952,0.0147
Hessen,Solar,1953,0.0062900000000000005
Hessen,Solar,1954,0.01204
Hessen,Solar,1955,0.00971
Hessen,Solar,1956,0.00882
Hessen,Solar,1958,0.016
Hessen,Solar,1959,0.016795
Hessen,Solar,1961,0.0008
Hessen,Solar,1962,0.03247
Hessen,Solar,1963,0.008799999999999999
Hessen,Solar,1964,0.01307
Hessen,Solar,1965,0.00818
Hessen,Solar,1966,0.00992
Hessen,Solar,1967,0.0008
Hessen,Solar,1968,0.00092
Hessen,Solar,1969,0.00555
Hessen,Solar,1971,0.02844
Hessen,Solar,1972,0.000375
Hessen,Solar,1973,0.00163
Hessen,Solar,1974,0.01904
Hessen,Solar,1975,0.0003
Hessen,Solar,1976,0.01551
Hessen,Solar,1977,0.014925
Hessen,Solar,1978,0.00947
Hessen,Solar,1979,0.01517
Hessen,Solar,1980,0.023645
Hessen,Solar,1981,0.00034
Hessen,Solar,1982,0.03521
Hessen,Solar,1983,0.02415
Hessen,Solar,1984,0.00226
Hessen,Solar,1985,0.0148
Hessen,Solar,1986,0.0155
Hessen,Solar,1987,0.015870000000000002
Hessen,Solar,1988,0.03665
Hessen,Solar,1989,0.0168
Hessen,Solar,1990,0.0008
Hessen,Solar,1991,0.04169
Hessen,Solar,1992,0.189044
Hessen,Solar,1993,0.10605
Hessen,Solar,1994,0.04763
Hessen,Solar,1995,0.02869
Hessen,Solar,1996,0.092975
Hessen,Solar,1997,0.135385
Hessen,Solar,1998,0.16929
Hessen,Solar,1999,0.431883
Hessen,Solar,2000,2.811887
Hessen,Solar,2001,4.242279
Hessen,Solar,2002,3.668871
Hessen,Solar,2003,5.300867
Hessen,Solar,2004,32.767991
Hessen,Solar,2005,49.245339
Hessen,Solar,2006,55.521328000000004
Hessen,Solar,2007,79.981037
Hessen,Solar,2008,113.103046
Hessen,Solar,2009,202.899435
Hessen,Solar,2010,338.965973
Hessen,Solar,2011,344.716577
Hessen,Solar,2012,275.81543700000003
Hessen,Solar,2013,155.424478
Hessen,Solar,2014,87.515739
Hessen,Solar,2015,57.472682
Hessen,Solar,2016,50.751652
Hessen,Solar,2017,70.151841
Hessen,Solar,2018,115.033561
Hessen,Solar,2019,162.719644
Hessen,Solar,2020,228.39771100000002
Hessen,Solar,2021,245.276888
Hessen,Solar,2022,385.97469200000006
Hessen,Solar,2023,735.156907
Hessen,Solar,2024,866.5936019999999
Hessen,Solar,2025,45.803296
Hessen,Wind onshore,1993,0.3
Hessen,Wind onshore,1994,5.28
Hessen,Wind onshore,1995,14.95
Hessen,Wind onshore,1996,15.0
Hessen,Wind onshore,1997,35.05
Hessen,Wind onshore,1998,33.44
Hessen,Wind onshore,1999,8.02
Hessen,Wind onshore,2000,32.06
Hessen,Wind onshore,2001,30.22
Hessen,Wind onshore,2002,59.6
Hessen,Wind onshore,2003,36.7
Hessen,Wind onshore,2004,53.5
Hessen,Wind onshore,2005,24.9
Hessen,Wind onshore,2006,31.0
Hessen,Wind onshore,2007,27.6
Hessen,Wind onshore,2008,5.0
Hessen,Wind onshore,2009,52.6
Hessen,Wind onshore,2010,42.0623
Hessen,Wind onshore,2011,99.875
Hessen,Wind onshore,2012,120.81424999999999
Hessen,Wind onshore,2013,184.67347999999998
Hessen,Wind onshore,2014,201.8545
Hessen,Wind onshore,2015,213.24349999999998
Hessen,Wind onshore,2016,294.34999999999997
Hessen,Wind onshore,2017,300.58
Hessen,Wind onshore,2018,231.975
Hessen,Wind onshore,2019,13.8
Hessen,Wind onshore,2020,88.6675
Hessen,Wind onshore,2021,61.7345
Hessen,Wind onshore,2022,62.752
Hessen,Wind onshore,2023,162.903
Hessen,Wind onshore,2024,118.7242
Hessen,Wind onshore,2025,0.001
Mecklenburg-Vorpommern,Biomass,1995,0.904
Mecklenburg-Vorpommern,Biomass,1997,5.495
Mecklenburg-Vorpommern,Biomass,1998,5.551
Mecklenburg-Vorpommern,Biomass,1999,2.921
Mecklenburg-Vorpommern,Biomass,2000,0.115
Mecklenburg-Vorpommern,Biomass,2001,2.187
Mecklenburg-Vorpommern,Biomass,2002,1.683
Mecklenburg-Vorpommern,Biomass,2003,11.176
Mecklenburg-Vorpommern,Biomass,2004,7.759
Mecklenburg-Vorpommern,Biomass,2005,29.613
Mecklenburg-Vorpommern,Biomass,2006,43.788000000000004
Mecklenburg-Vorpommern,Biomass,2007,62.684000000000005
Mecklenburg-Vorpommern,Biomass,2008,19.725
Mecklenburg-Vorpommern,Biomass,2009,16.991
Mecklenburg-Vorpommern,Biomass,2010,26.311
Mecklenburg-Vorpommern,Biomass,2011,69.578316
Mecklenburg-Vorpommern,Biomass,2012,13.324
Mecklenburg-Vorpommern,Biomass,2013,29.9577
Mecklenburg-Vorpommern,Biomass,2014,19.526
Mecklenburg-Vorpommern,Biomass,2015,1.72365
Mecklenburg-Vorpommern,Biomass,2016,2.806
Mecklenburg-Vorpommern,Biomass,2017,5.6
Mecklenburg-Vorpommern,Biomass,2018,5.835
Mecklenburg-Vorpommern,Biomass,2019,13.17
Mecklenburg-Vorpommern,Biomass,2020,13.6439
Mecklenburg-Vorpommern,Biomass,2021,7.042
Mecklenburg-Vorpommern,Biomass,2022,6.402
Mecklenburg-Vorpommern,Biomass,2023,20.29
Mecklenburg-Vorpommern,Biomass,2024,8.984
Mecklenburg-Vorpommern,Hydropower,1921,0.36
Mecklenburg-Vorpommern,Hydropower,1993,0.258
Mecklenburg-Vorpommern,Hydropower,1997,0.033
Mecklenburg-Vorpommern,Hydropower,1998,0.05
Mecklenburg-Vorpommern,Hydropower,1999,0.17550000000000002
Mecklenburg-Vorpommern,Hydropower,2000,0.08406
Mecklenburg-Vorpommern,Hydropower,2005,1.25
Mecklenburg-Vorpommern,Hydropower,2009,0.195
Mecklenburg-Vorpommern,Hydropower,2013,0.045
Mecklenburg-Vorpommern,Hydropower,2014,0.015
Mecklenburg-Vorpommern,Hydropower,2015,0.0022
Mecklenburg-Vorpommern,Hydropower,2017,0.15
Mecklenburg-Vorpommern,Solar,1923,0.0018
Mecklenburg-Vorpommern,Solar,1924,0.007209999999999999
Mecklenburg-Vorpommern,Solar,1939,0.0065
Mecklenburg-Vorpommern,Solar,1951,0.0006
Mecklenburg-Vorpommern,Solar,1955,0.0012
Mecklenburg-Vorpommern,Solar,1957,0.0017200000000000002
Mecklenburg-Vorpommern,Solar,1958,0.007980000000000001
Mecklenburg-Vorpommern,Solar,1961,0.0008
Mecklenburg-Vorpommern,Solar,1964,0.0207
Mecklenburg-Vorpommern,Solar,1966,0.00033
Mecklenburg-Vorpommern,Solar,1969,0.006719999999999999
Mecklenburg-Vorpommern,Solar,1976,0.0006
Mecklenburg-Vorpommern,Solar,1978,0.0008100000000000001
Mecklenburg-Vorpommern,Solar,1980,0.000185
Mecklenburg-Vorpommern,Solar,1981,0.0008
Mecklenburg-Vorpommern,Solar,1989,0.00738
Mecklenburg-Vorpommern,Solar,1992,0.25884
Mecklenburg-Vorpommern,Solar,1993,0.06322
Mecklenburg-Vorpommern,Solar,1994,0.06975
Mecklenburg-Vorpommern,Solar,1995,0.024895
Mecklenburg-Vorpommern,Solar,1996,0.039797
Mecklenburg-Vorpommern,Solar,1997,0.00875
Mecklenburg-Vorpommern,Solar,1998,0.01935
Mecklenburg-Vorpommern,Solar,1999,0.0686
Mecklenburg-Vorpommern,Solar,2000,0.11986899999999999
Mecklenburg-Vorpommern,Solar,2001,2.1145329999999998
Mecklenburg-Vorpommern,Solar,2002,1.469219
Mecklenburg-Vorpommern,Solar,2003,0.58704
Mecklenburg-Vorpommern,Solar,2004,3.8398230000000004
Mecklenburg-Vorpommern,Solar,2005,6.438433
Mecklenburg-Vorpommern,Solar,2006,5.109994
Mecklenburg-Vorpommern,Solar,2007,9.322033000000001
Mecklenburg-Vorpommern,Solar,2008,19.009293
Mecklenburg-Vorpommern,Solar,2009,60.770908999999996
Mecklenburg-Vorpommern,Solar,2010,157.658798
Mecklenburg-Vorpommern,Solar,2011,290.392515
Mecklenburg-Vorpommern,Solar,2012,415.576613
Mecklenburg-Vorpommern,Solar,2013,213.20459
Mecklenburg-Vorpommern,Solar,2014,96.658895
Mecklenburg-Vorpommern,Solar,2015,107.832663
Mecklenburg-Vorpommern,Solar,2016,134.131358
Mecklenburg-Vorpommern,Solar,2017,150.553346
Mecklenburg-Vorpommern,Solar,2018,218.226536
Mecklenburg-Vorpommern,Solar,2019,232.93662400000002
Mecklenburg-Vorpommern,Solar,2020,366.92954000000003
Mecklenburg-Vorpommern,Solar,2021,591.198956
Mecklenburg-Vorpommern,Solar,2022,297.793924
Mecklenburg-Vorpommern,Solar,2023,411.706349
Mecklenburg-Vorpommern,Solar,2024,464.294942
Mecklenburg-Vorpommern,Solar,2025,21.413183
Mecklenburg-Vorpommern,Wind offshore,2011,48.3
Mecklenburg-Vorpommern,Wind offshore,2023,257.175
Mecklenburg-Vorpommern,Wind onshore,1989,0.2
Mecklenburg-Vorpommern,Wind onshore,1993,7.535
Mecklenburg-Vorpommern,Wind onshore,1994,7.7
Mecklenburg-Vorpommern,Wind onshore,1995,21.72
Mecklenburg-Vorpommern,Wind onshore,1996,20.975
Mecklenburg-Vorpommern,Wind onshore,1997,26.0
Mecklenburg-Vorpommern,Wind onshore,1998,55.31012
Mecklenburg-Vorpommern,Wind onshore,1999,133.18
Mecklenburg-Vorpommern,Wind onshore,2000,48.4
Mecklenburg-Vorpommern,Wind onshore,2001,226.21
Mecklenburg-Vorpommern,Wind onshore,2002,90.0
Mecklenburg-Vorpommern,Wind onshore,2003,144.72
Mecklenburg-Vorpommern,Wind onshore,2004,95.25
Mecklenburg-Vorpommern,Wind onshore,2005,69.9
Mecklenburg-Vorpommern,Wind onshore,2006,145.9098
Mecklenburg-Vorpommern,Wind onshore,2007,72.8012
Mecklenburg-Vorpommern,Wind onshore,2008,48.8
Mecklenburg-Vorpommern,Wind onshore,2009,115.501
Mecklenburg-Vorpommern,Wind onshore,2010,61.85
Mecklenburg-Vorpommern,Wind onshore,2011,65.89
Mecklenburg-Vorpommern,Wind onshore,2012,304.43649999999997
Mecklenburg-Vorpommern,Wind onshore,2013,428.656
Mecklenburg-Vorpommern,Wind onshore,2014,347.495
Mecklenburg-Vorpommern,Wind onshore,2015,228.3598
Mecklenburg-Vorpommern,Wind onshore,2016,216.8022
Mecklenburg-Vorpommern,Wind onshore,2017,174.1
Mecklenburg-Vorpommern,Wind onshore,2018,125.65
Mecklenburg-Vorpommern,Wind onshore,2019,103.307
Mecklenburg-Vorpommern,Wind onshore,2020,100.431
Mecklenburg-Vorpommern,Wind onshore,2021,70.1105
Mecklenburg-Vorpommern,Wind onshore,2022,57.4022
Mecklenburg-Vorpommern,Wind onshore,2023,184.041
Mecklenburg-Vorpommern,Wind onshore,2024,89.2612
Niedersachsen,Biomass,1988,0.52
Niedersachsen,Biomass,1989,0.05
Niedersachsen,Biomass,1994,1.2
Niedersachsen,Biomass,1995,2.5
Niedersachsen,Biomass,1996,3.104
Niedersachsen,Biomass,1997,3.393
Niedersachsen,Biomass,1998,2.358
Niedersachsen,Biomass,1999,0.34
Niedersachsen,Biomass,2000,0.494
Niedersachsen,Biomass,2001,14.062000000000001
Niedersachsen,Biomass,2002,24.214000000000002
Niedersachsen,Biomass,2003,63.260000000000005
Niedersachsen,Biomass,2004,43.583
Niedersachsen,Biomass,2005,82.4548
Niedersachsen,Biomass,2006,159.16609
Niedersachsen,Biomass,2007,114.865508
Niedersachsen,Biomass,2008,66.6305
Niedersachsen,Biomass,2009,87.30944
Niedersachsen,Biomass,2010,144.1903
Niedersachsen,Biomass,2011,287.657293
Niedersachsen,Biomass,2012,61.38499
Niedersachsen,Biomass,2013,60.174578000000004
Niedersachsen,Biomass,2014,100.144685
Niedersachsen,Biomass,2015,26.820700000000002
Niedersachsen,Biomass,2016,54.393385
Niedersachsen,Biomass,2017,74.0062
Niedersachsen,Biomass,2018,111.246
Niedersachsen,Biomass,2019,103.0501
Niedersachsen,Biomass,2020,116.435
Niedersachsen,Biomass,2021,24.4879
Niedersachsen,Biomass,2022,27.1207
Niedersachsen,Biomass,2023,53.6656
Niedersachsen,Biomass,2024,58.5276
Niedersachsen,Biomass,2025,0.967
Niedersachsen,Hydropower,1901,0.64
Niedersachsen,Hydropower,1905,0.015
Niedersachsen,Hydropower,1908,0.33999999999999997
Niedersachsen,Hydropower,1910,0.17
Niedersachsen,Hydropower,1912,0.558
Niedersachsen,Hydropower,1914,5.0
Niedersachsen,Hydropower,1921,0.487
Niedersachsen,Hydropower,1924,2.6
Niedersachsen,Hydropower,1928,0.64
Niedersachsen,Hydropower,1929,0.45
Niedersachsen,Hydropower,1932,1.498
Niedersachsen,Hydropower,1933,0.33
Niedersachsen,Hydropower,1934,4.7
Niedersachsen,Hydropower,1936,0.224
Niedersachsen,Hydropower,1946,0.27
Niedersachsen,Hydropower,1948,0.16
Niedersachsen,Hydropower,1950,0.06
Niedersachsen,Hydropower,1953,0.628
Niedersachsen,Hydropower,1954,0.045
Niedersachsen,Hydropower,1955,0.21500000000000002
Niedersachsen,Hydropower,1956,5.633
Niedersachsen,Hydropower,1957,4.231999999999999
Niedersachsen,Hydropower,1958,12.131
Niedersachsen,Hydropower,1959,0.189
Niedersachsen,Hydropower,1961,0.393
Niedersachsen,Hydropower,1962,0.194
Niedersachsen,Hydropower,1963,0.01
Niedersachsen,Hydropower,1964,0.035
Niedersachsen,Hydropower,1965,0.43
Niedersachsen,Hydropower,1966,0.604
Niedersachsen,Hydropower,1967,0.128
Niedersachsen,Hydropower,1968,0.035
Niedersachsen,Hydropower,1970,0.26
Niedersachsen,Hydropower,1971,0.24
Niedersachsen,Hydropower,1972,0.13
Niedersachsen,Hydropower,1973,0.18
Niedersachsen,Hydropower,1974,0.5469999999999999
Niedersachsen,Hydropower,1975,0.555
Niedersachsen,Hydropower,1976,0.025
Niedersachsen,Hydropower,1978,0.0575
Niedersachsen,Hydropower,1980,4.159
Niedersachsen,Hydropower,1981,0.11
Niedersachsen,Hydropower,1982,0.04
Niedersachsen,Hydropower,1983,1.899
Niedersachsen,Hydropower,1984,0.255
Niedersachsen,Hydropower,1985,0.040999999999999995
Niedersachsen,Hydropower,1986,1.66
Niedersachsen,Hydropower,1987,0.245
Niedersachsen,Hydropower,1988,2.3445
Niedersachsen,Hydropower,1989,1.24
Niedersachsen,Hydropower,1990,0.061
Niedersachsen,Hydropower,1991,10.3425
Niedersachsen,Hydropower,1992,0.582
Niedersachsen,Hydropower,1993,0.0237
Niedersachsen,Hydropower,1994,0.254
Niedersachsen,Hydropower,1995,0.553
Niedersachsen,Hydropower,1996,0.1825
Niedersachsen,Hydropower,1997,0.5645
Niedersachsen,Hydropower,1999,1.1902
Niedersachsen,Hydropower,2000,0.06
Niedersachsen,Hydropower,2001,0.65
Niedersachsen,Hydropower,2002,0.08449999999999999
Niedersachsen,Hydropower,2003,0.35040000000000004
Niedersachsen,Hydropower,2004,0.617
Niedersachsen,Hydropower,2005,0.76015
Niedersachsen,Hydropower,2006,0.3835
Niedersachsen,Hydropower,2007,0.2615
Niedersachsen,Hydropower,2008,0.224
Niedersachsen,Hydropower,2009,1.412
Niedersachsen,Hydropower,2010,0.6632
Niedersachsen,Hydropower,2011,0.3765
Niedersachsen,Hydropower,2012,0.06351
Niedersachsen,Hydropower,2013,0.4345
Niedersachsen,Hydropower,2014,0.0015
Niedersachsen,Hydropower,2015,0.515
Niedersachsen,Hydropower,2016,0.24
Niedersachsen,Hydropower,2017,1.1752
Niedersachsen,Hydropower,2018,0.34
Niedersachsen,Hydropower,2019,0.04672
Niedersachsen,Hydropower,2020,0.7090000000000001
Niedersachsen,Hydropower,2021,0.0999
Niedersachsen,Solar,1922,0.0006
Niedersachsen,Solar,1923,0.01364
Niedersachsen,Solar,1924,0.006669999999999999
Niedersachsen,Solar,1931,0.0006
Niedersachsen,Solar,1935,0.0008
Niedersachsen,Solar,1942,0.0035099999999999997
Niedersachsen,Solar,1943,0.01218
Niedersachsen,Solar,1945,0.0008399999999999999
Niedersachsen,Solar,1947,0.0081
Niedersachsen,Solar,1949,0.0072
Niedersachsen,Solar,1950,0.01258
Niedersachsen,Solar,1951,0.0108
Niedersachsen,Solar,1952,0.00199
Niedersachsen,Solar,1953,0.0196
Niedersachsen,Solar,1954,0.02583
Niedersachsen,Solar,1955,0.0066
Niedersachsen,Solar,1956,0.022
Niedersachsen,Solar,1957,0.02172
Niedersachsen,Solar,1958,0.0049
Niedersachsen,Solar,1959,0.016640000000000002
Niedersachsen,Solar,1960,0.0084
Niedersachsen,Solar,1962,0.01533
Niedersachsen,Solar,1963,0.02145
Niedersachsen,Solar,1964,0.019940000000000003
Niedersachsen,Solar,1965,0.02121
Niedersachsen,Solar,1966,0.02376
Niedersachsen,Solar,1967,0.00588
Niedersachsen,Solar,1968,0.01926
Niedersachsen,Solar,1969,0.009949999999999999
Niedersachsen,Solar,1970,0.00981
Niedersachsen,Solar,1971,0.00091
Niedersachsen,Solar,1972,0.010975
Niedersachsen,Solar,1973,0.005200000000000001
Niedersachsen,Solar,1974,0.043980000000000005
Niedersachsen,Solar,1976,0.016149999999999998
Niedersachsen,Solar,1977,0.0132
Niedersachsen,Solar,1978,0.009130000000000001
Niedersachsen,Solar,1980,0.02343
Niedersachsen,Solar,1981,0.0056
Niedersachsen,Solar,1982,0.008199999999999999
Niedersachsen,Solar,1983,0.00806
Niedersachsen,Solar,1984,0.0008
Niedersachsen,Solar,1985,0.063165
Niedersachsen,Solar,1986,0.014150000000000001
Niedersachsen,Solar,1987,0.0012
Niedersachsen,Solar,1988,0.01768
Niedersachsen,Solar,1989,0.0006
Niedersachsen,Solar,1990,0.03708
Niedersachsen,Solar,1991,0.047503
Niedersachsen,Solar,1992,0.09091099999999999
Niedersachsen,Solar,1993,0.104548
Niedersachsen,Solar,1994,0.11867199999999999
Niedersachsen,Solar,1995,0.097695
Niedersachsen,Solar,1996,0.164217
Niedersachsen,Solar,1997,0.09005300000000001
Niedersachsen,Solar,1998,0.09448200000000001
Niedersachsen,Solar,1999,0.40119200000000005
Niedersachsen,Solar,2000,2.325104
Niedersachsen,Solar,2001,6.651542
Niedersachsen,Solar,2002,4.614724
Niedersachsen,Solar,2003,5.031695
Niedersachsen,Solar,2004,35.314189
Niedersachsen,Solar,2005,58.411916
Niedersachsen,Solar,2006,64.559523
Niedersachsen,Solar,2007,71.572336
Niedersachsen,Solar,2008,114.601542
Niedersachsen,Solar,2009,389.075403
Niedersachsen,Solar,2010,796.94101
Niedersachsen,Solar,2011,824.379997
Niedersachsen,Solar,2012,649.906905
Niedersachsen,Solar,2013,244.503265
Niedersachsen,Solar,2014,132.832155
Niedersachsen,Solar,2015,90.89180400000001
Niedersachsen,Solar,2016,77.27314
Niedersachsen,Solar,2017,108.707042
Niedersachsen,Solar,2018,191.723818
Niedersachsen,Solar,2019,337.019556
Niedersachsen,Solar,2020,411.496574
Niedersachsen,Solar,2021,435.806667
Niedersachsen,Solar,2022,631.4915599999999
Niedersachsen,Solar,2023,1505.184874
Niedersachsen,Solar,2024,1631.686946
Niedersachsen,Solar,2025,119.724955
Niedersachsen,Wind offshore,2014,113.39999999999999
Niedersachsen,Wind offshore,2017,110.7
Niedersachsen,Wind onshore,1988,0.075
Niedersachsen,Wind onshore,1989,0.055
Niedersachsen,Wind onshore,1990,3.605
Niedersachsen,Wind onshore,1991,3.4
Niedersachsen,Wind onshore,1992,8.907
Niedersachsen,Wind onshore,1993,21.155
Niedersachsen,Wind onshore,1994,40.705
Niedersachsen,Wind onshore,1995,81.309
Niedersachsen,Wind onshore,1996,47.514
Niedersachsen,Wind onshore,1997,60.53
Niedersachsen,Wind onshore,1998,118.76
Niedersachsen,Wind onshore,1999,212.75
Niedersachsen,Wind onshore,2000,433.53000000000003
Niedersachsen,Wind onshore,2001,603.755
Niedersachsen,Wind onshore,2002,749.3
Niedersachsen,Wind onshore,2003,589.555
Niedersachsen,Wind onshore,2004,567.177
Niedersachsen,Wind onshore,2005,424.98
Niedersachsen,Wind onshore,2006,374.34
Niedersachsen,Wind onshore,2007,377.86
Niedersachsen,Wind onshore,2008,150.32999999999998
Niedersachsen,Wind onshore,2009,602.3
Niedersachsen,Wind onshore,2010,282.0998
Niedersachsen,Wind onshore,2011,399.7503
Niedersachsen,Wind onshore,2012,373.26439999999997
Niedersachsen,Wind onshore,2013,388.0
Niedersachsen,Wind onshore,2014,587.5445
Niedersachsen,Wind onshore,2015,425.67539999999997
Niedersachsen,Wind onshore,2016,903.8387
Niedersachsen,Wind onshore,2017,1424.2874
Niedersachsen,Wind onshore,2018,735.9872
Niedersachsen,Wind onshore,2019,174.9004
Niedersachsen,Wind onshore,2020,167.303
Niedersachsen,Wind onshore,2021,421.0533
Niedersachsen,Wind onshore,2022,462.0282
Niedersachsen,Wind onshore,2023,638.2348
Niedersachsen,Wind onshore,2024,697.2850999999999
Niedersachsen,Wind onshore,2025,54.03
Nordrhein-Westfalen,Biomass,1955,50.0
Nordrhein-Westfalen,Biomass,1987,5.6
Nordrhein-Westfalen,Biomass,1988,0.1
Nordrhein-Westfalen,Biomass,1989,0.12
Nordrhein-Westfalen,Biomass,1990,0.425
Nordrhein-Westfalen,Biomass,1991,0.94
Nordrhein-Westfalen,Biomass,1992,1.765
Nordrhein-Westfalen,Biomass,1993,0.6
Nordrhein-Westfalen,Biomass,1994,5.835999999999999
Nordrhein-Westfalen,Biomass,1995,1.3
Nordrhein-Westfalen,Biomass,1996,1.6728
Nordrhein-Westfalen,Biomass,1997,0.991
Nordrhein-Westfalen,Biomass,1998,5.0465
Nordrhein-Westfalen,Biomass,1999,3.729
Nordrhein-Westfalen,Biomass,2000,105.95299999999999
Nordrhein-Westfalen,Biomass,2001,22.711000000000002
Nordrhein-Westfalen,Biomass,2002,8.802
Nordrhein-Westfalen,Biomass,2003,5.0467
Nordrhein-Westfalen,Biomass,2004,54.4495
Nordrhein-Westfalen,Biomass,2005,65.8955
Nordrhein-Westfalen,Biomass,2006,95.5167
Nordrhein-Westfalen,Biomass,2007,52.86089
Nordrhein-Westfalen,Biomass,2008,77.6335
Nordrhein-Westfalen,Biomass,2009,40.0539
Nordrhein-Westfalen,Biomass,2010,60.48496
Nordrhein-Westfalen,Biomass,2011,114.9017
Nordrhein-Westfalen,Biomass,2012,44.0015
Nordrhein-Westfalen,Biomass,2013,43.987500000000004
Nordrhein-Westfalen,Biomass,2014,62.358
Nordrhein-Westfalen,Biomass,2015,9.040083
Nordrhein-Westfalen,Biomass,2016,31.0059
Nordrhein-Westfalen,Biomass,2017,43.536
Nordrhein-Westfalen,Biomass,2018,41.1745
Nordrhein-Westfalen,Biomass,2019,55.3624
Nordrhein-Westfalen,Biomass,2020,53.715
Nordrhein-Westfalen,Biomass,2021,16.56284
Nordrhein-Westfalen,Biomass,2022,7.40144
Nordrhein-Westfalen,Biomass,2023,52.438649999999996
Nordrhein-Westfalen,Biomass,2024,10.8188
Nordrhein-Westfalen,Biomass,2025,0.346
Nordrhein-Westfalen,Hydropower,1900,0.073
Nordrhein-Westfalen,Hydropower,1901,1.23
Nordrhein-Westfalen,Hydropower,1905,19.447
Nordrhein-Westfalen,Hydropower,1911,0.09
Nordrhein-Westfalen,Hydropower,1912,0.031
Nordrhein-Westfalen,Hydropower,1913,5.3
Nordrhein-Westfalen,Hydropower,1915,0.013
Nordrhein-Westfalen,Hydropower,1921,2.08
Nordrhein-Westfalen,Hydropower,1922,0.56
Nordrhein-Westfalen,Hydropower,1923,6.418
Nordrhein-Westfalen,Hydropower,1924,1.289
Nordrhein-Westfalen,Hydropower,1925,5.1000000000000005
Nordrhein-Westfalen,Hydropower,1926,0.21
Nordrhein-Westfalen,Hydropower,1927,3.01
Nordrhein-Westfalen,Hydropower,1928,3.575
Nordrhein-Westfalen,Hydropower,1930,6.02
Nordrhein-Westfalen,Hydropower,1931,7.24
Nordrhein-Westfalen,Hydropower,1933,4.55
Nordrhein-Westfalen,Hydropower,1935,5.2075000000000005
Nordrhein-Westfalen,Hydropower,1938,16.304000000000002
Nordrhein-Westfalen,Hydropower,1939,1.758
Nordrhein-Westfalen,Hydropower,1940,0.38
Nordrhein-Westfalen,Hydropower,1949,4.647
Nordrhein-Westfalen,Hydropower,1953,1.8050000000000002
Nordrhein-Westfalen,Hydropower,1955,0.24
Nordrhein-Westfalen,Hydropower,1956,2.15
Nordrhein-Westfalen,Hydropower,1957,0.011
Nordrhein-Westfalen,Hydropower,1958,0.15
Nordrhein-Westfalen,Hydropower,1959,1.5
Nordrhein-Westfalen,Hydropower,1960,0.415
Nordrhein-Westfalen,Hydropower,1964,0.015
Nordrhein-Westfalen,Hydropower,1965,18.011
Nordrhein-Westfalen,Hydropower,1966,0.52
Nordrhein-Westfalen,Hydropower,1967,0.01991
Nordrhein-Westfalen,Hydropower,1968,0.36
Nordrhein-Westfalen,Hydropower,1969,0.65
Nordrhein-Westfalen,Hydropower,1970,0.172
Nordrhein-Westfalen,Hydropower,1971,0.045
Nordrhein-Westfalen,Hydropower,1974,0.5
Nordrhein-Westfalen,Hydropower,1975,0.15
Nordrhein-Westfalen,Hydropower,1977,1.475
Nordrhein-Westfalen,Hydropower,1979,0.0758
Nordrhein-Westfalen,Hydropower,1980,0.051000000000000004
Nordrhein-Westfalen,Hydropower,1981,0.48
Nordrhein-Westfalen,Hydropower,1982,0.27
Nordrhein-Westfalen,Hydropower,1983,0.05
Nordrhein-Westfalen,Hydropower,1984,0.713
Nordrhein-Westfalen,Hydropower,1985,0.2505
Nordrhein-Westfalen,Hydropower,1986,0.2367
Nordrhein-Westfalen,Hydropower,1987,0.362
Nordrhein-Westfalen,Hydropower,1988,1.477
Nordrhein-Westfalen,Hydropower,1989,2.6445
Nordrhein-Westfalen,Hydropower,1990,0.2845
Nordrhein-Westfalen,Hydropower,1991,0.518
Nordrhein-Westfalen,Hydropower,1992,0.055999999999999994
Nordrhein-Westfalen,Hydropower,1993,4.6049999999999995
Nordrhein-Westfalen,Hydropower,1994,0.2673
Nordrhein-Westfalen,Hydropower,1995,0.3706
Nordrhein-Westfalen,Hydropower,1996,0.6666
Nordrhein-Westfalen,Hydropower,1997,4.542
Nordrhein-Westfalen,Hydropower,1998,1.1800000000000002
Nordrhein-Westfalen,Hydropower,1999,0.5325
Nordrhein-Westfalen,Hydropower,2000,5.7484
Nordrhein-Westfalen,Hydropower,2001,5.3125
Nordrhein-Westfalen,Hydropower,2002,0.9162
Nordrhein-Westfalen,Hydropower,2003,1.3215
Nordrhein-Westfalen,Hydropower,2004,0.992
Nordrhein-Westfalen,Hydropower,2005,1.0073
Nordrhein-Westfalen,Hydropower,2006,1.1506
Nordrhein-Westfalen,Hydropower,2007,0.2205
Nordrhein-Westfalen,Hydropower,2008,0.7892
Nordrhein-Westfalen,Hydropower,2009,2.6935000000000002
Nordrhein-Westfalen,Hydropower,2010,1.073
Nordrhein-Westfalen,Hydropower,2011,6.0662
Nordrhein-Westfalen,Hydropower,2012,3.0057
Nordrhein-Westfalen,Hydropower,2013,8.578
Nordrhein-Westfalen,Hydropower,2014,4.003
Nordrhein-Westfalen,Hydropower,2015,1.713
Nordrhein-Westfalen,Hydropower,2016,0.611
Nordrhein-Westfalen,Hydropower,2017,1.3644
Nordrhein-Westfalen,Hydropower,2018,0.1505
Nordrhein-Westfalen,Hydropower,2019,0.8177
Nordrhein-Westfalen,Hydropower,2020,4.1925
Nordrhein-Westfalen,Hydropower,2021,0.0033
Nordrhein-Westfalen,Hydropower,2022,0.1695
Nordrhein-Westfalen,Hydropower,2023,0.7254999999999999
Nordrhein-Westfalen,Solar,1900,0.02208
Nordrhein-Westfalen,Solar,1909,0.008775
Nordrhein-Westfalen,Solar,1911,0.00816
Nordrhein-Westfalen,Solar,1912,0.045845
Nordrhein-Westfalen,Solar,1914,0.00725
Nordrhein-Westfalen,Solar,1915,0.00975
Nordrhein-Westfalen,Solar,1917,0.01177
Nordrhein-Westfalen,Solar,1918,0.013490000000000002
Nordrhein-Westfalen,Solar,1922,0.00132
Nordrhein-Westfalen,Solar,1923,0.011029999999999998
Nordrhein-Westfalen,Solar,1924,0.03565
Nordrhein-Westfalen,Solar,1940,0.00065
Nordrhein-Westfalen,Solar,1942,0.0465
Nordrhein-Westfalen,Solar,1943,0.00086
Nordrhein-Westfalen,Solar,1944,0.01003
Nordrhein-Westfalen,Solar,1945,0.00683
Nordrhein-Westfalen,Solar,1946,0.00382
Nordrhein-Westfalen,Solar,1947,0.004455000000000001
Nordrhein-Westfalen,Solar,1948,0.030830000000000003
Nordrhein-Westfalen,Solar,1951,0.0149
Nordrhein-Westfalen,Solar,1952,0.0198
Nordrhein-Westfalen,Solar,1953,0.01414
Nordrhein-Westfalen,Solar,1954,0.03455
Nordrhein-Westfalen,Solar,1955,0.00534
Nordrhein-Westfalen,Solar,1956,0.034390000000000004
Nordrhein-Westfalen,Solar,1957,0.04564
Nordrhein-Westfalen,Solar,1958,0.023585
Nordrhein-Westfalen,Solar,1959,0.02581
Nordrhein-Westfalen,Solar,1960,0.03884
Nordrhein-Westfalen,Solar,1961,0.0373
Nordrhein-Westfalen,Solar,1962,0.034915
Nordrhein-Westfalen,Solar,1963,0.06815
Nordrhein-Westfalen,Solar,1964,0.045525
Nordrhein-Westfalen,Solar,1965,0.02867
Nordrhein-Westfalen,Solar,1966,0.06981
Nordrhein-Westfalen,Solar,1967,0.03164
Nordrhein-Westfalen,Solar,1968,0.03076
Nordrhein-Westfalen,Solar,1969,0.036890000000000006
Nordrhein-Westfalen,Solar,1970,0.029580000000000002
Nordrhein-Westfalen,Solar,1971,0.129615
Nordrhein-Westfalen,Solar,1972,0.033955
Nordrhein-Westfalen,Solar,1973,0.03251
Nordrhein-Westfalen,Solar,1974,0.02447
Nordrhein-Westfalen,Solar,1975,0.028
Nordrhein-Westfalen,Solar,1976,0.032305
Nordrhein-Westfalen,Solar,1977,0.03474
Nordrhein-Westfalen,Solar,1978,0.01705
Nordrhein-Westfalen,Solar,1979,0.049800000000000004
Nordrhein-Westfalen,Solar,1980,0.01961
Nordrhein-Westfalen,Solar,1981,0.05174
Nordrhein-Westfalen,Solar,1982,0.03934
Nordrhein-Westfalen,Solar,1983,0.06256
Nordrhein-Westfalen,Solar,1984,0.0622
Nordrhein-Westfalen,Solar,1985,0.01584
Nordrhein-Westfalen,Solar,1986,0.01304
Nordrhein-Westfalen,Solar,1987,0.049648000000000005
Nordrhein-Westfalen,Solar,1988,0.02747
Nordrhein-Westfalen,Solar,1989,0.053374
Nordrhein-Westfalen,Solar,1990,0.0126
Nordrhein-Westfalen,Solar,1991,0.454145
Nordrhein-Westfalen,Solar,1992,0.152679
Nordrhein-Westfalen,Solar,1993,0.152922
Nordrhein-Westfalen,Solar,1994,0.200472
Nordrhein-Westfalen,Solar,1995,0.610188
Nordrhein-Westfalen,Solar,1996,1.803659
Nordrhein-Westfalen,Solar,1997,2.608277
Nordrhein-Westfalen,Solar,1998,2.575348
Nordrhein-Westfalen,Solar,1999,3.448089
Nordrhein-Westfalen,Solar,2000,6.859347
Nordrhein-Westfalen,Solar,2001,13.777605
Nordrhein-Westfalen,Solar,2002,12.107341
Nordrhein-Westfalen,Solar,2003,11.287627
Nordrhein-Westfalen,Solar,2004,67.721451
Nordrhein-Westfalen,Solar,2005,88.529674
Nordrhein-Westfalen,Solar,2006,87.935303
Nordrhein-Westfalen,Solar,2007,124.676676
Nordrhein-Westfalen,Solar,2008,200.36032
Nordrhein-Westfalen,Solar,2009,497.800166
Nordrhein-Westfalen,Solar,2010,900.7437239999999
Nordrhein-Westfalen,Solar,2011,926.6894609999999
Nordrhein-Westfalen,Solar,2012,708.937718
Nordrhein-Westfalen,Solar,2013,348.681285
Nordrhein-Westfalen,Solar,2014,192.025476
Nordrhein-Westfalen,Solar,2015,134.847604
Nordrhein-Westfalen,Solar,2016,142.14245400000001
Nordrhein-Westfalen,Solar,2017,179.42913000000001
Nordrhein-Westfalen,Solar,2018,283.395771
Nordrhein-Westfalen,Solar,2019,489.300117
Nordrhein-Westfalen,Solar,2020,603.059469
Nordrhein-Westfalen,Solar,2021,638.945744
Nordrhein-Westfalen,Solar,2022,961.607949
Nordrhein-Westfalen,Solar,2023,2281.255078
Nordrhein-Westfalen,Solar,2024,2193.2478960000003
Nordrhein-Westfalen,Solar,2025,183.0904
Nordrhein-Westfalen,Wind onshore,1989,0.18
Nordrhein-Westfalen,Wind onshore,1990,0.075
Nordrhein-Westfalen,Wind onshore,1991,0.6849999999999999
Nordrhein-Westfalen,Wind onshore,1992,2.755
Nordrhein-Westfalen,Wind onshore,1993,4.275
Nordrhein-Westfalen,Wind onshore,1994,12.685
Nordrhein-Westfalen,Wind onshore,1995,32.43
Nordrhein-Westfalen,Wind onshore,1996,35.824
Nordrhein-Westfalen,Wind onshore,1997,48.08
Nordrhein-Westfalen,Wind onshore,1998,47.0
Nordrhein-Westfalen,Wind onshore,1999,56.955
Nordrhein-Westfalen,Wind onshore,2000,145.64
Nordrhein-Westfalen,Wind onshore,2001,337.89
Nordrhein-Westfalen,Wind onshore,2002,414.31
Nordrhein-Westfalen,Wind onshore,2003,389.85
Nordrhein-Westfalen,Wind onshore,2004,218.75
Nordrhein-Westfalen,Wind onshore,2005,180.401
Nordrhein-Westfalen,Wind onshore,2006,161.4
Nordrhein-Westfalen,Wind onshore,2007,169.98
Nordrhein-Westfalen,Wind onshore,2008,39.4
Nordrhein-Westfalen,Wind onshore,2009,231.4006
Nordrhein-Westfalen,Wind onshore,2010,91.608
Nordrhein-Westfalen,Wind onshore,2011,155.7201
Nordrhein-Westfalen,Wind onshore,2012,150.94129999999998
Nordrhein-Westfalen,Wind onshore,2013,240.9016
Nordrhein-Westfalen,Wind onshore,2014,301.9222
Nordrhein-Westfalen,Wind onshore,2015,381.752
Nordrhein-Westfalen,Wind onshore,2016,590.7968999999999
Nordrhein-Westfalen,Wind onshore,2017,877.067
Nordrhein-Westfalen,Wind onshore,2018,347.4005
Nordrhein-Westfalen,Wind onshore,2019,128.25
Nordrhein-Westfalen,Wind onshore,2020,316.75
Nordrhein-Westfalen,Wind onshore,2021,335.973
Nordrhein-Westfalen,Wind onshore,2022,420.7588
Nordrhein-Westfalen,Wind onshore,2023,530.7595
Nordrhein-Westfalen,Wind onshore,2024,755.8957
Nordrhein-Westfalen,Wind onshore,2025,124.94
Rheinland-Pfalz,Biomass,1983,12.672
Rheinland-Pfalz,Biomass,1991,0.05
Rheinland-Pfalz,Biomass,1994,1.53
Rheinland-Pfalz,Biomass,1995,1.401
Rheinland-Pfalz,Biomass,1996,2.0
Rheinland-Pfalz,Biomass,1997,0.5389999999999999
Rheinland-Pfalz,Biomass,1998,0.16999999999999998
Rheinland-Pfalz,Biomass,1999,4.526
Rheinland-Pfalz,Biomass,2000,1.6753
Rheinland-Pfalz,Biomass,2001,2.2416
Rheinland-Pfalz,Biomass,2002,2.834
Rheinland-Pfalz,Biomass,2003,9.128
Rheinland-Pfalz,Biomass,2004,12.427
Rheinland-Pfalz,Biomass,2005,10.9989
Rheinland-Pfalz,Biomass,2006,29.6485
Rheinland-Pfalz,Biomass,2007,11.0435
Rheinland-Pfalz,Biomass,2008,7.507
Rheinland-Pfalz,Biomass,2009,13.599
Rheinland-Pfalz,Biomass,2010,6.091
Rheinland-Pfalz,Biomass,2011,14.233600000000001
Rheinland-Pfalz,Biomass,2012,8.80174
Rheinland-Pfalz,Biomass,2013,5.992
Rheinland-Pfalz,Biomass,2014,8.362
Rheinland-Pfalz,Biomass,2015,4.555
Rheinland-Pfalz,Biomass,2016,2.664
Rheinland-Pfalz,Biomass,2017,3.6510000000000002
Rheinland-Pfalz,Biomass,2018,6.64565
Rheinland-Pfalz,Biomass,2019,5.172
Rheinland-Pfalz,Biomass,2020,7.0120000000000005
Rheinland-Pfalz,Biomass,2021,2.143
Rheinland-Pfalz,Biomass,2022,2.0
Rheinland-Pfalz,Biomass,2023,0.7230000000000001
Rheinland-Pfalz,Biomass,2024,1.3820000000000001
Rheinland-Pfalz,Hydropower,1900,0.8460000000000001
Rheinland-Pfalz,Hydropower,1902,0.5
Rheinland-Pfalz,Hydropower,1906,0.095
Rheinland-Pfalz,Hydropower,1908,0.04
Rheinland-Pfalz,Hydropower,1909,0.744
Rheinland-Pfalz,Hydropower,1912,1.2449999999999999
Rheinland-Pfalz,Hydropower,1913,5.075
Rheinland-Pfalz,Hydropower,1915,0.022
Rheinland-Pfalz,Hydropower,1921,0.0225
Rheinland-Pfalz,Hydropower,1926,3.63
Rheinland-Pfalz,Hydropower,1928,0.1135
Rheinland-Pfalz,Hydropower,1930,2.568
Rheinland-Pfalz,Hydropower,1933,0.239
Rheinland-Pfalz,Hydropower,1944,0.015
Rheinland-Pfalz,Hydropower,1949,0.022
Rheinland-Pfalz,Hydropower,1950,0.02
Rheinland-Pfalz,Hydropower,1951,16.037
Rheinland-Pfalz,Hydropower,1955,1.728
Rheinland-Pfalz,Hydropower,1956,0.05
Rheinland-Pfalz,Hydropower,1957,1.821
Rheinland-Pfalz,Hydropower,1958,0.64
Rheinland-Pfalz,Hydropower,1959,0.457
Rheinland-Pfalz,Hydropower,1960,0.255
Rheinland-Pfalz,Hydropower,1961,0.015
Rheinland-Pfalz,Hydropower,1962,62.8
Rheinland-Pfalz,Hydropower,1963,16.482999999999997
Rheinland-Pfalz,Hydropower,1964,18.15
Rheinland-Pfalz,Hydropower,1965,36.4075
Rheinland-Pfalz,Hydropower,1966,34.89064
Rheinland-Pfalz,Hydropower,1971,0.075
Rheinland-Pfalz,Hydropower,1974,0.045
Rheinland-Pfalz,Hydropower,1975,0.052
Rheinland-Pfalz,Hydropower,1976,0.065
Rheinland-Pfalz,Hydropower,1977,0.045
Rheinland-Pfalz,Hydropower,1979,0.037
Rheinland-Pfalz,Hydropower,1981,0.018
Rheinland-Pfalz,Hydropower,1982,3.5
Rheinland-Pfalz,Hydropower,1983,0.025
Rheinland-Pfalz,Hydropower,1984,0.11
Rheinland-Pfalz,Hydropower,1985,13.53
Rheinland-Pfalz,Hydropower,1986,1.4
Rheinland-Pfalz,Hydropower,1987,2.506
Rheinland-Pfalz,Hydropower,1988,0.067
Rheinland-Pfalz,Hydropower,1990,0.20850000000000002
Rheinland-Pfalz,Hydropower,1991,0.474
Rheinland-Pfalz,Hydropower,1992,0.05425
Rheinland-Pfalz,Hydropower,1993,0.08600000000000001
Rheinland-Pfalz,Hydropower,1994,0.13799999999999998
Rheinland-Pfalz,Hydropower,1995,1.559
Rheinland-Pfalz,Hydropower,1996,0.1212
Rheinland-Pfalz,Hydropower,1997,0.124
Rheinland-Pfalz,Hydropower,1998,0.044
Rheinland-Pfalz,Hydropower,1999,0.371
Rheinland-Pfalz,Hydropower,2000,0.11149999999999999
Rheinland-Pfalz,Hydropower,2001,0.28450000000000003
Rheinland-Pfalz,Hydropower,2002,0.186
Rheinland-Pfalz,Hydropower,2003,0.055
Rheinland-Pfalz,Hydropower,2004,0.037
Rheinland-Pfalz,Hydropower,2005,0.0185
Rheinland-Pfalz,Hydropower,2006,0.0565
Rheinland-Pfalz,Hydropower,2007,0.0775
Rheinland-Pfalz,Hydropower,2008,0.237
Rheinland-Pfalz,Hydropower,2009,0.4205
Rheinland-Pfalz,Hydropower,2010,0.2995
Rheinland-Pfalz,Hydropower,2011,0.2484
Rheinland-Pfalz,Hydropower,2012,0.7150000000000001
Rheinland-Pfalz,Hydropower,2013,0.3058
Rheinland-Pfalz,Hydropower,2014,0.04
Rheinland-Pfalz,Hydropower,2015,0.055999999999999994
Rheinland-Pfalz,Hydropower,2016,0.1935
Rheinland-Pfalz,Hydropower,2017,0.18
Rheinland-Pfalz,Hydropower,2018,0.19
Rheinland-Pfalz,Hydropower,2019,0.7865
Rheinland-Pfalz,Hydropower,2020,0.7384999999999999
Rheinland-Pfalz,Hydropower,2021,0.0216
Rheinland-Pfalz,Hydropower,2022,2.3232999999999997
Rheinland-Pfalz,Hydropower,2023,0.3235
Rheinland-Pfalz,Solar,1900,0.011
Rheinland-Pfalz,Solar,1912,0.00598
Rheinland-Pfalz,Solar,1922,0.0006
Rheinland-Pfalz,Solar,1923,0.01603
Rheinland-Pfalz,Solar,1924,0.0017000000000000001
Rheinland-Pfalz,Solar,1930,0.0085
Rheinland-Pfalz,Solar,1940,0.0006
Rheinland-Pfalz,Solar,1941,0.0006
Rheinland-Pfalz,Solar,1943,0.0008
Rheinland-Pfalz,Solar,1944,0.01
Rheinland-Pfalz,Solar,1947,0.00945
Rheinland-Pfalz,Solar,1948,0.009519999999999999
Rheinland-Pfalz,Solar,1949,0.0008
Rheinland-Pfalz,Solar,1950,0.00011999999999999999
Rheinland-Pfalz,Solar,1951,0.006889999999999999
Rheinland-Pfalz,Solar,1952,0.0006
Rheinland-Pfalz,Solar,1953,0.0008
Rheinland-Pfalz,Solar,1955,0.00074
Rheinland-Pfalz,Solar,1956,0.00265
Rheinland-Pfalz,Solar,1957,0.00974
Rheinland-Pfalz,Solar,1959,0.0016
Rheinland-Pfalz,Solar,1960,0.0348
Rheinland-Pfalz,Solar,1961,0.01645
Rheinland-Pfalz,Solar,1962,0.03202
Rheinland-Pfalz,Solar,1963,0.00231
Rheinland-Pfalz,Solar,1964,0.0636
Rheinland-Pfalz,Solar,1965,0.0113
Rheinland-Pfalz,Solar,1966,0.009720000000000001
Rheinland-Pfalz,Solar,1967,0.0471
Rheinland-Pfalz,Solar,1968,0.00766
Rheinland-Pfalz,Solar,1969,0.00083
Rheinland-Pfalz,Solar,1971,0.011899999999999999
Rheinland-Pfalz,Solar,1972,0.0475
Rheinland-Pfalz,Solar,1973,0.022015
Rheinland-Pfalz,Solar,1974,0.02089
Rheinland-Pfalz,Solar,1975,0.012750000000000001
Rheinland-Pfalz,Solar,1977,0.01052
Rheinland-Pfalz,Solar,1978,0.0322
Rheinland-Pfalz,Solar,1979,0.00462
Rheinland-Pfalz,Solar,1980,0.0006
Rheinland-Pfalz,Solar,1981,0.06957
Rheinland-Pfalz,Solar,1983,0.07323
Rheinland-Pfalz,Solar,1984,0.00086
Rheinland-Pfalz,Solar,1985,0.058710000000000005
Rheinland-Pfalz,Solar,1986,0.00082
Rheinland-Pfalz,Solar,1987,0.01592
Rheinland-Pfalz,Solar,1988,0.11198000000000001
Rheinland-Pfalz,Solar,1989,0.00195
Rheinland-Pfalz,Solar,1990,0.07896
Rheinland-Pfalz,Solar,1991,0.11455800000000001
Rheinland-Pfalz,Solar,1992,0.10244
Rheinland-Pfalz,Solar,1993,0.09771
Rheinland-Pfalz,Solar,1994,0.09850800000000001
Rheinland-Pfalz,Solar,1995,0.055858
Rheinland-Pfalz,Solar,1996,0.070812
Rheinland-Pfalz,Solar,1997,0.17349
Rheinland-Pfalz,Solar,1998,0.0904
Rheinland-Pfalz,Solar,1999,0.245587
Rheinland-Pfalz,Solar,2000,0.900238
Rheinland-Pfalz,Solar,2001,3.201103
Rheinland-Pfalz,Solar,2002,2.798374
Rheinland-Pfalz,Solar,2003,4.723589
Rheinland-Pfalz,Solar,2004,24.998084
Rheinland-Pfalz,Solar,2005,46.191015
Rheinland-Pfalz,Solar,2006,57.02025
Rheinland-Pfalz,Solar,2007,75.962615
Rheinland-Pfalz,Solar,2008,126.658868
Rheinland-Pfalz,Solar,2009,192.906984
Rheinland-Pfalz,Solar,2010,363.049056
Rheinland-Pfalz,Solar,2011,359.56771299999997
Rheinland-Pfalz,Solar,2012,311.641377
Rheinland-Pfalz,Solar,2013,179.206877
Rheinland-Pfalz,Solar,2014,99.64523
Rheinland-Pfalz,Solar,2015,76.901286
Rheinland-Pfalz,Solar,2016,98.768117
Rheinland-Pfalz,Solar,2017,75.023775
Rheinland-Pfalz,Solar,2018,108.109044
Rheinland-Pfalz,Solar,2019,140.65988000000002
Rheinland-Pfalz,Solar,2020,185.733534
Rheinland-Pfalz,Solar,2021,270.481038
Rheinland-Pfalz,Solar,2022,357.21459
Rheinland-Pfalz,Solar,2023,1021.517718
Rheinland-Pfalz,Solar,2024,920.512218
Rheinland-Pfalz,Solar,2025,37.012996
Rheinland-Pfalz,Wind onshore,1991,1.2
Rheinland-Pfalz,Wind onshore,1992,0.1
Rheinland-Pfalz,Wind onshore,1993,1.8
Rheinland-Pfalz,Wind onshore,1994,5.11
Rheinland-Pfalz,Wind onshore,1995,4.14
Rheinland-Pfalz,Wind onshore,1996,7.6
Rheinland-Pfalz,Wind onshore,1997,10.71
Rheinland-Pfalz,Wind onshore,1998,14.35
Rheinland-Pfalz,Wind onshore,1999,25.52
Rheinland-Pfalz,Wind onshore,2000,75.16
Rheinland-Pfalz,Wind onshore,2001,91.55
Rheinland-Pfalz,Wind onshore,2002,121.66
Rheinland-Pfalz,Wind onshore,2003,93.95
Rheinland-Pfalz,Wind onshore,2004,103.2
Rheinland-Pfalz,Wind onshore,2005,105.0
Rheinland-Pfalz,Wind onshore,2006,186.0
Rheinland-Pfalz,Wind onshore,2007,116.1
Rheinland-Pfalz,Wind onshore,2008,56.0
Rheinland-Pfalz,Wind onshore,2009,130.95
Rheinland-Pfalz,Wind onshore,2010,120.73
Rheinland-Pfalz,Wind onshore,2011,243.92
Rheinland-Pfalz,Wind onshore,2012,294.1885
Rheinland-Pfalz,Wind onshore,2013,429.405
Rheinland-Pfalz,Wind onshore,2014,456.9166
Rheinland-Pfalz,Wind onshore,2015,213.405
Rheinland-Pfalz,Wind onshore,2016,209.29999999999998
Rheinland-Pfalz,Wind onshore,2017,273.52479999999997
Rheinland-Pfalz,Wind onshore,2018,177.13
Rheinland-Pfalz,Wind onshore,2019,124.15
Rheinland-Pfalz,Wind onshore,2020,88.3
Rheinland-Pfalz,Wind onshore,2021,68.6
Rheinland-Pfalz,Wind onshore,2022,71.45100000000001
Rheinland-Pfalz,Wind onshore,2023,138.9434
Rheinland-Pfalz,Wind onshore,2024,205.8173
Saarland,Biomass,1989,0.5549999999999999
Saarland,Biomass,1995,0.14
Saarland,Biomass,1996,0.16
Saarland,Biomass,2000,1.589
Saarland,Biomass,2001,0.6
Saarland,Biomass,2005,0.2353
Saarland,Biomass,2006,0.765
Saarland,Biomass,2007,0.34
Saarland,Biomass,2009,2.0
Saarland,Biomass,2010,0.505
Saarland,Biomass,2011,2.775
Saarland,Biomass,2012,0.30920000000000003
Saarland,Biomass,2014,1.2
Saarland,Biomass,2015,0.155
Saarland,Biomass,2016,0.22499999999999998
Saarland,Biomass,2017,0.111
Saarland,Biomass,2021,1.173
Saarland,Hydropower,1969,0.0075
Saarland,Hydropower,1970,0.54
Saarland,Hydropower,1982,4.5
Saarland,Hydropower,1983,0.307
Saarland,Hydropower,1984,6.5
Saarland,Hydropower,1987,1.4
Saarland,Hydropower,1989,0.035
Saarland,Hydropower,1990,0.03
Saarland,Hydropower,1994,0.0040999999999999995
Saarland,Hydropower,1995,0.008
Saarland,Hydropower,1997,0.015
Saarland,Hydropower,1999,2.2
Saarland,Hydropower,2000,0.0148
Saarland,Hydropower,2001,1.0270000000000001
Saarland,Hydropower,2007,0.0065
Saarland,Hydropower,2010,0.532
Saarland,Hydropower,2011,0.827
Saarland,Hydropower,2013,0.028249999999999997
Saarland,Hydropower,2014,0.01
Saarland,Hydropower,2015,0.0087
Saarland,Hydropower,2019,0.029900000000000003
Saarland,Solar,1912,0.00437
Saarland,Solar,1938,0.009720000000000001
Saarland,Solar,1951,0.00731
Saarland,Solar,1954,0.0008900000000000001
Saarland,Solar,1964,0.02007
Saarland,Solar,1965,0.0064
Saarland,Solar,1980,0.00836
Saarland,Solar,1982,0.0032400000000000003
Saarland,Solar,1985,0.03
Saarland,Solar,1989,0.0112
Saarland,Solar,1990,0.007343000000000001
Saarland,Solar,1991,0.023036
Saarland,Solar,1992,0.023328
Saarland,Solar,1993,0.015719999999999998
Saarland,Solar,1994,0.00986
Saarland,Solar,1995,0.06
Saarland,Solar,1996,0.029171000000000002
Saarland,Solar,1997,0.119025
Saarland,Solar,1998,0.077185
Saarland,Solar,1999,0.221917
Saarland,Solar,2000,0.428519
Saarland,Solar,2001,0.764679
Saarland,Solar,2002,0.32856199999999997
Saarland,Solar,2003,0.21372000000000002
Saarland,Solar,2004,9.796748000000001
Saarland,Solar,2005,7.825798
Saarland,Solar,2006,6.808026
Saarland,Solar,2007,17.855338
Saarland,Solar,2008,23.685754
Saarland,Solar,2009,37.273212
Saarland,Solar,2010,65.656972
Saarland,Solar,2011,64.733463
Saarland,Solar,2012,82.710495
Saarland,Solar,2013,56.161975000000005
Saarland,Solar,2014,29.379185
Saarland,Solar,2015,9.799609
Saarland,Solar,2016,12.472252
Saarland,Solar,2017,26.7871
Saarland,Solar,2018,16.206442
Saarland,Solar,2019,22.067143
Saarland,Solar,2020,37.471598
Saarland,Solar,2021,78.33542299999999
Saarland,Solar,2022,99.97107100000001
Saarland,Solar,2023,165.686805
Saarland,Solar,2024,153.574773
Saarland,Solar,2025,7.106493
Saarland,Wind onshore,1995,0.5
Saarland,Wind onshore,1996,0.25
Saarland,Wind onshore,1997,0.5
Saarland,Wind onshore,2001,5.9
Saarland,Wind onshore,2002,6.0
Saarland,Wind onshore,2003,10.8
Saarland,Wind onshore,2004,21.0
Saarland,Wind onshore,2005,0.6
Saarland,Wind onshore,2007,11.2
Saarland,Wind onshore,2008,2.0
Saarland,Wind onshore,2009,12.0
Saarland,Wind onshore,2010,13.8
Saarland,Wind onshore,2011,29.4
Saarland,Wind onshore,2012,9.9035
Saarland,Wind onshore,2013,31.55
Saarland,Wind onshore,2014,40.6756
Saarland,Wind onshore,2015,63.985
Saarland,Wind onshore,2016,43.25
Saarland,Wind onshore,2017,106.91
Saarland,Wind onshore,2018,60.0
Saarland,Wind onshore,2019,6.9
Saarland,Wind onshore,2020,24.9
Saarland,Wind onshore,2021,9.6
Saarland,Wind onshore,2022,11.850000000000001
Saarland,Wind onshore,2023,26.4631
Saarland,Wind onshore,2024,9.8
Sachsen,Biomass,1991,0.259
Sachsen,Biomass,1997,0.569
Sachsen,Biomass,1998,0.499
Sachsen,Biomass,1999,3.4269999999999996
Sachsen,Biomass,2000,10.287
Sachsen,Biomass,2001,2.003
Sachsen,Biomass,2002,1.649
Sachsen,Biomass,2003,12.582
Sachsen,Biomass,2004,22.409
Sachsen,Biomass,2005,6.222300000000001
Sachsen,Biomass,2006,25.188
Sachsen,Biomass,2007,26.14
Sachsen,Biomass,2008,6.922000000000001
Sachsen,Biomass,2009,26.294
Sachsen,Biomass,2010,16.736
Sachsen,Biomass,2011,33.764
Sachsen,Biomass,2012,19.456
Sachsen,Biomass,2013,25.031299999999998
Sachsen,Biomass,2014,20.7115
Sachsen,Biomass,2015,3.819
Sachsen,Biomass,2016,2.84
Sachsen,Biomass,2017,4.806
Sachsen,Biomass,2018,5.673
Sachsen,Biomass,2019,4.918
Sachsen,Biomass,2020,15.295
Sachsen,Biomass,2021,7.2170000000000005
Sachsen,Biomass,2022,6.41185
Sachsen,Biomass,2023,3.8124
Sachsen,Biomass,2024,6.992
Sachsen,Hydropower,1900,0.9745
Sachsen,Hydropower,1902,0.815
Sachsen,Hydropower,1903,0.172
Sachsen,Hydropower,1910,0.304
Sachsen,Hydropower,1912,0.01
Sachsen,Hydropower,1913,0.635
Sachsen,Hydropower,1914,0.3
Sachsen,Hydropower,1915,0.77
Sachsen,Hydropower,1923,1.2650000000000001
Sachsen,Hydropower,1924,1.71
Sachsen,Hydropower,1926,0.5549999999999999
Sachsen,Hydropower,1932,0.03
Sachsen,Hydropower,1936,0.075
Sachsen,Hydropower,1938,0.438
Sachsen,Hydropower,1940,0.05
Sachsen,Hydropower,1952,0.024
Sachsen,Hydropower,1956,1.8
Sachsen,Hydropower,1963,0.011
Sachsen,Hydropower,1984,0.151
Sachsen,Hydropower,1987,0.096
Sachsen,Hydropower,1988,0.16
Sachsen,Hydropower,1991,0.873
Sachsen,Hydropower,1992,4.292
Sachsen,Hydropower,1993,4.5808
Sachsen,Hydropower,1994,7.777
Sachsen,Hydropower,1995,5.8975
Sachsen,Hydropower,1996,7.3475
Sachsen,Hydropower,1997,6.8322
Sachsen,Hydropower,1998,3.108
Sachsen,Hydropower,1999,5.4225
Sachsen,Hydropower,2000,2.3770000000000002
Sachsen,Hydropower,2001,2.08
Sachsen,Hydropower,2002,0.313
Sachsen,Hydropower,2003,1.6195
Sachsen,Hydropower,2004,1.8225
Sachsen,Hydropower,2005,1.094
Sachsen,Hydropower,2006,1.03
Sachsen,Hydropower,2007,0.365
Sachsen,Hydropower,2008,2.2215
Sachsen,Hydropower,2009,2.3631
Sachsen,Hydropower,2010,7.2010000000000005
Sachsen,Hydropower,2011,1.232
Sachsen,Hydropower,2012,8.01564
Sachsen,Hydropower,2013,3.5145
Sachsen,Hydropower,2014,0.5625
Sachsen,Hydropower,2015,0.4114
Sachsen,Hydropower,2016,1.0547
Sachsen,Hydropower,2017,0.1351
Sachsen,Hydropower,2018,1.3715
Sachsen,Hydropower,2019,0.3662
Sachsen,Hydropower,2020,0.0967
Sachsen,Hydropower,2021,0.42750000000000005
Sachsen,Hydropower,2022,0.062
Sachsen,Hydropower,2023,0.015
Sachsen,Hydropower,2024,0.036000000000000004
Sachsen,Solar,1921,0.00608
Sachsen,Solar,1922,0.00532
Sachsen,Solar,1923,0.00885
Sachsen,Solar,1939,0.00828
Sachsen,Solar,1947,0.0089
Sachsen,Solar,1950,0.0084
Sachsen,Solar,1951,0.0054859999999999996
Sachsen,Solar,1953,0.01216
Sachsen,Solar,1954,0.002
Sachsen,Solar,1955,0.00664
Sachsen,Solar,1956,0.0053
Sachsen,Solar,1958,0.0184
Sachsen,Solar,1959,0.0247
Sachsen,Solar,1960,0.00236
Sachsen,Solar,1962,0.00067
Sachsen,Solar,1963,0.00167
Sachsen,Solar,1964,0.00073
Sachsen,Solar,1965,0.0118
Sachsen,Solar,1966,0.008
Sachsen,Solar,1967,0.0006
Sachsen,Solar,1968,0.0015400000000000001
Sachsen,Solar,1969,0.0014
Sachsen,Solar,1970,0.00621
Sachsen,Solar,1972,0.010154999999999999
Sachsen,Solar,1973,0.014539999999999999
Sachsen,Solar,1978,0.00125
Sachsen,Solar,1980,0.02802
Sachsen,Solar,1984,0.00082
Sachsen,Solar,1985,0.00079
Sachsen,Solar,1987,0.00217
Sachsen,Solar,1989,0.015015
Sachsen,Solar,1990,0.0017000000000000001
Sachsen,Solar,1991,0.0036
Sachsen,Solar,1992,0.125389
Sachsen,Solar,1993,0.140187
Sachsen,Solar,1994,0.187256
Sachsen,Solar,1995,0.01442
Sachsen,Solar,1996,0.05487
Sachsen,Solar,1997,0.06437999999999999
Sachsen,Solar,1998,0.037649999999999996
Sachsen,Solar,1999,0.036636
Sachsen,Solar,2000,0.18117
Sachsen,Solar,2001,1.307393
Sachsen,Solar,2002,0.898118
Sachsen,Solar,2003,0.655843
Sachsen,Solar,2004,11.654834
Sachsen,Solar,2005,20.847224
Sachsen,Solar,2006,16.758423
Sachsen,Solar,2007,46.170581000000006
Sachsen,Solar,2008,86.417717
Sachsen,Solar,2009,135.699556
Sachsen,Solar,2010,257.19752800000003
Sachsen,Solar,2011,365.896968
Sachsen,Solar,2012,409.375086
Sachsen,Solar,2013,143.429928
Sachsen,Solar,2014,68.305379
Sachsen,Solar,2015,52.310313
Sachsen,Solar,2016,69.607257
Sachsen,Solar,2017,63.32078
Sachsen,Solar,2018,191.305841
Sachsen,Solar,2019,241.362913
Sachsen,Solar,2020,244.92699199999998
Sachsen,Solar,2021,198.35203099999998
Sachsen,Solar,2022,250.536519
Sachsen,Solar,2023,660.435988
Sachsen,Solar,2024,1123.597968
Sachsen,Solar,2025,46.944113
Sachsen,Wind onshore,1992,0.95
Sachsen,Wind onshore,1994,2.2800000000000002
Sachsen,Wind onshore,1995,20.69
Sachsen,Wind onshore,1996,32.6
Sachsen,Wind onshore,1997,18.8
Sachsen,Wind onshore,1998,31.82
Sachsen,Wind onshore,1999,107.8333
Sachsen,Wind onshore,2000,52.03
Sachsen,Wind onshore,2001,108.72
Sachsen,Wind onshore,2002,107.51
Sachsen,Wind onshore,2003,82.05
Sachsen,Wind onshore,2004,71.504
Sachsen,Wind onshore,2005,39.1
Sachsen,Wind onshore,2006,79.25
Sachsen,Wind onshore,2007,36.6
Sachsen,Wind onshore,2008,18.6
Sachsen,Wind onshore,2009,68.1503
Sachsen,Wind onshore,2010,48.902499999999996
Sachsen,Wind onshore,2011,34.4546
Sachsen,Wind onshore,2012,29.0838
Sachsen,Wind onshore,2013,35.5015
Sachsen,Wind onshore,2014,35.8
Sachsen,Wind onshore,2015,65.97659999999999
Sachsen,Wind onshore,2016,28.53033
Sachsen,Wind onshore,2017,48.9534
Sachsen,Wind onshore,2018,55.715
Sachsen,Wind onshore,2019,16.812
Sachsen,Wind onshore,2020,8.108
Sachsen,Wind onshore,2021,0.8
Sachsen,Wind onshore,2022,58.9181
Sachsen,Wind onshore,2023,46.804
Sachsen,Wind onshore,2024,23.878700000000002
Sachsen,Wind onshore,2025,8.4
Sachsen-Anhalt,Biomass,1997,0.301
Sachsen-Anhalt,Biomass,1998,0.6
Sachsen-Anhalt,Biomass,1999,0.746
Sachsen-Anhalt,Biomass,2000,0.6
Sachsen-Anhalt,Biomass,2001,2.573
Sachsen-Anhalt,Biomass,2002,7.058
Sachsen-Anhalt,Biomass,2003,1.726
Sachsen-Anhalt,Biomass,2004,150.813
Sachsen-Anhalt,Biomass,2005,13.447000000000001
Sachsen-Anhalt,Biomass,2006,24.496000000000002
Sachsen-Anhalt,Biomass,2007,28.833000000000002
Sachsen-Anhalt,Biomass,2008,38.394999999999996
Sachsen-Anhalt,Biomass,2009,26.263
Sachsen-Anhalt,Biomass,2010,25.5535
Sachsen-Anhalt,Biomass,2011,49.195
Sachsen-Anhalt,Biomass,2012,20.26
Sachsen-Anhalt,Biomass,2013,15.665000000000001
Sachsen-Anhalt,Biomass,2014,24.432000000000002
Sachsen-Anhalt,Biomass,2015,1.8539599999999998
Sachsen-Anhalt,Biomass,2016,2.656
Sachsen-Anhalt,Biomass,2017,7.121
Sachsen-Anhalt,Biomass,2018,12.875
Sachsen-Anhalt,Biomass,2019,31.439
Sachsen-Anhalt,Biomass,2020,20.94565
Sachsen-Anhalt,Biomass,2021,6.62
Sachsen-Anhalt,Biomass,2022,8.771
Sachsen-Anhalt,Biomass,2023,3.929
Sachsen-Anhalt,Biomass,2025,0.32
Sachsen-Anhalt,Hydropower,1970,4.5
Sachsen-Anhalt,Hydropower,1992,0.045
Sachsen-Anhalt,Hydropower,1993,2.925
Sachsen-Anhalt,Hydropower,1994,0.13
Sachsen-Anhalt,Hydropower,1995,0.455
Sachsen-Anhalt,Hydropower,1996,1.3010000000000002
Sachsen-Anhalt,Hydropower,1997,0.32
Sachsen-Anhalt,Hydropower,1998,0.644
Sachsen-Anhalt,Hydropower,1999,1.2225
Sachsen-Anhalt,Hydropower,2000,0.4
Sachsen-Anhalt,Hydropower,2002,0.2
Sachsen-Anhalt,Hydropower,2004,0.015
Sachsen-Anhalt,Hydropower,2005,0.099
Sachsen-Anhalt,Hydropower,2006,3.2765
Sachsen-Anhalt,Hydropower,2007,1.5
Sachsen-Anhalt,Hydropower,2009,3.1485000000000003
Sachsen-Anhalt,Hydropower,2010,0.7665000000000001
Sachsen-Anhalt,Hydropower,2011,0.9195
Sachsen-Anhalt,Hydropower,2012,0.5
Sachsen-Anhalt,Hydropower,2013,0.286
Sachsen-Anhalt,Hydropower,2014,0.4818
Sachsen-Anhalt,Hydropower,2015,0.037
Sachsen-Anhalt,Hydropower,2016,0.98
Sachsen-Anhalt,Hydropower,2017,0.945
Sachsen-Anhalt,Hydropower,2019,0.45
Sachsen-Anhalt,Hydropower,2020,1.744
Sachsen-Anhalt,Hydropower,2021,4.32
Sachsen-Anhalt,Hydropower,2022,0.893
Sachsen-Anhalt,Hydropower,2023,0.3
Sachsen-Anhalt,Solar,1916,0.0026
Sachsen-Anhalt,Solar,1921,0.0061200000000000004
Sachsen-Anhalt,Solar,1949,0.0008
Sachsen-Anhalt,Solar,1951,0.0056
Sachsen-Anhalt,Solar,1954,0.008400000000000001
Sachsen-Anhalt,Solar,1955,0.006719999999999999
Sachsen-Anhalt,Solar,1960,0.0063
Sachsen-Anhalt,Solar,1966,0.00468
Sachsen-Anhalt,Solar,1967,0.0008
Sachsen-Anhalt,Solar,1971,0.01218
Sachsen-Anhalt,Solar,1972,0.0052
Sachsen-Anhalt,Solar,1973,0.00902
Sachsen-Anhalt,Solar,1980,0.00984
Sachsen-Anhalt,Solar,1983,0.00945
Sachsen-Anhalt,Solar,1985,0.04127
Sachsen-Anhalt,Solar,1991,0.003
Sachsen-Anhalt,Solar,1992,0.008150000000000001
Sachsen-Anhalt,Solar,1993,0.032175999999999996
Sachsen-Anhalt,Solar,1994,0.074524
Sachsen-Anhalt,Solar,1995,0.032665
Sachsen-Anhalt,Solar,1996,0.0056
Sachsen-Anhalt,Solar,1997,0.0245
Sachsen-Anhalt,Solar,1998,0.0363
Sachsen-Anhalt,Solar,1999,0.014240000000000001
Sachsen-Anhalt,Solar,2000,0.134658
Sachsen-Anhalt,Solar,2001,0.6693439999999999
Sachsen-Anhalt,Solar,2002,0.58084
Sachsen-Anhalt,Solar,2003,0.528303
Sachsen-Anhalt,Solar,2004,8.601201
Sachsen-Anhalt,Solar,2005,7.646262
Sachsen-Anhalt,Solar,2006,8.741783
Sachsen-Anhalt,Solar,2007,21.567031
Sachsen-Anhalt,Solar,2008,50.94634799999999
Sachsen-Anhalt,Solar,2009,106.448183
Sachsen-Anhalt,Solar,2010,266.729173
Sachsen-Anhalt,Solar,2011,468.52079200000003
Sachsen-Anhalt,Solar,2012,519.458486
Sachsen-Anhalt,Solar,2013,191.527801
Sachsen-Anhalt,Solar,2014,142.680961
Sachsen-Anhalt,Solar,2015,161.111144
Sachsen-Anhalt,Solar,2016,197.841175
Sachsen-Anhalt,Solar,2017,102.366153
Sachsen-Anhalt,Solar,2018,263.017811
Sachsen-Anhalt,Solar,2019,341.297365
Sachsen-Anhalt,Solar,2020,303.784285
Sachsen-Anhalt,Solar,2021,307.513017
Sachsen-Anhalt,Solar,2022,244.38216500000001
Sachsen-Anhalt,Solar,2023,475.223045
Sachsen-Anhalt,Solar,2024,561.523641
Sachsen-Anhalt,Solar,2025,29.747144
Sachsen-Anhalt,Wind onshore,1993,0.25
Sachsen-Anhalt,Wind onshore,1994,1.6099999999999999
Sachsen-Anhalt,Wind onshore,1995,5.37
Sachsen-Anhalt,Wind onshore,1996,11.0
Sachsen-Anhalt,Wind onshore,1997,30.0
Sachsen-Anhalt,Wind onshore,1998,22.56
Sachsen-Anhalt,Wind onshore,1999,167.59
Sachsen-Anhalt,Wind onshore,2000,155.0
Sachsen-Anhalt,Wind onshore,2001,316.7
Sachsen-Anhalt,Wind onshore,2002,487.46
Sachsen-Anhalt,Wind onshore,2003,307.4
Sachsen-Anhalt,Wind onshore,2004,230.2
Sachsen-Anhalt,Wind onshore,2005,363.6
Sachsen-Anhalt,Wind onshore,2006,326.65
Sachsen-Anhalt,Wind onshore,2007,258.95
Sachsen-Anhalt,Wind onshore,2008,180.3
Sachsen-Anhalt,Wind onshore,2009,371.2
Sachsen-Anhalt,Wind onshore,2010,151.6806
Sachsen-Anhalt,Wind onshore,2011,148.015
Sachsen-Anhalt,Wind onshore,2012,203.79579999999999
Sachsen-Anhalt,Wind onshore,2013,215.189
Sachsen-Anhalt,Wind onshore,2014,288.825
Sachsen-Anhalt,Wind onshore,2015,269.55
Sachsen-Anhalt,Wind onshore,2016,272.6487
Sachsen-Anhalt,Wind onshore,2017,284.68
Sachsen-Anhalt,Wind onshore,2018,24.5
Sachsen-Anhalt,Wind onshore,2019,55.08
Sachsen-Anhalt,Wind onshore,2020,139.699
Sachsen-Anhalt,Wind onshore,2021,69.976
Sachsen-Anhalt,Wind onshore,2022,103.804
Sachsen-Anhalt,Wind onshore,2023,87.3
Sachsen-Anhalt,Wind onshore,2024,274.591
Sachsen-Anhalt,Wind onshore,2025,5.5
Schleswig-Holstein,Biomass,1984,0.95
Schleswig-Holstein,Biomass,1992,0.88
Schleswig-Holstein,Biomass,1993,0.916
Schleswig-Holstein,Biomass,1995,0.019
Schleswig-Holstein,Biomass,1997,0.605
Schleswig-Holstein,Biomass,1998,0.8
Schleswig-Holstein,Biomass,2001,0.16499999999999998
Schleswig-Holstein,Biomass,2002,1.196
Schleswig-Holstein,Biomass,2004,6.084
Schleswig-Holstein,Biomass,2005,18.502
Schleswig-Holstein,Biomass,2006,31.928
Schleswig-Holstein,Biomass,2007,44.412
Schleswig-Holstein,Biomass,2008,30.7875
Schleswig-Holstein,Biomass,2009,35.1275
Schleswig-Holstein,Biomass,2010,68.419
Schleswig-Holstein,Biomass,2011,99.5445
Schleswig-Holstein,Biomass,2012,20.276
Schleswig-Holstein,Biomass,2013,15.681000000000001
Schleswig-Holstein,Biomass,2014,25.075
Schleswig-Holstein,Biomass,2015,10.587
Schleswig-Holstein,Biomass,2016,30.39
Schleswig-Holstein,Biomass,2017,32.629
Schleswig-Holstein,Biomass,2018,39.7152
Schleswig-Holstein,Biomass,2019,35.917
Schleswig-Holstein,Biomass,2020,38.57
Schleswig-Holstein,Biomass,2021,7.7234
Schleswig-Holstein,Biomass,2022,2.7430000000000003
Schleswig-Holstein,Biomass,2023,4.5269
Schleswig-Holstein,Biomass,2024,5.4769
Schleswig-Holstein,Biomass,2025,4.515
Schleswig-Holstein,Hydropower,1906,0.175
Schleswig-Holstein,Hydropower,1907,0.06
Schleswig-Holstein,Hydropower,1909,1.75
Schleswig-Holstein,Hydropower,1924,0.5
Schleswig-Holstein,Hydropower,1958,0.025
Schleswig-Holstein,Hydropower,1976,0.03
Schleswig-Holstein,Hydropower,1987,0.018
Schleswig-Holstein,Hydropower,1991,0.07
Schleswig-Holstein,Hydropower,1992,0.025
Schleswig-Holstein,Hydropower,1996,0.015
Schleswig-Holstein,Hydropower,1998,0.01
Schleswig-Holstein,Hydropower,2000,1.79
Schleswig-Holstein,Hydropower,2010,0.01
Schleswig-Holstein,Hydropower,2013,0.5885
Schleswig-Holstein,Hydropower,2024,0.0055
Schleswig-Holstein,Solar,1900,0.00075
Schleswig-Holstein,Solar,1906,0.00561
Schleswig-Holstein,Solar,1912,0.00738
Schleswig-Holstein,Solar,1917,0.00513
Schleswig-Holstein,Solar,1922,0.0006
Schleswig-Holstein,Solar,1923,0.00851
Schleswig-Holstein,Solar,1924,0.010320000000000001
Schleswig-Holstein,Solar,1942,0.000415
Schleswig-Holstein,Solar,1946,0.006425
Schleswig-Holstein,Solar,1949,0.0044
Schleswig-Holstein,Solar,1951,0.0074199999999999995
Schleswig-Holstein,Solar,1953,0.015785
Schleswig-Holstein,Solar,1954,0.026639999999999997
Schleswig-Holstein,Solar,1956,0.0108
Schleswig-Holstein,Solar,1959,0.030719999999999997
Schleswig-Holstein,Solar,1960,0.0006
Schleswig-Holstein,Solar,1961,0.00082
Schleswig-Holstein,Solar,1962,0.004200000000000001
Schleswig-Holstein,Solar,1963,0.03143
Schleswig-Holstein,Solar,1964,0.01592
Schleswig-Holstein,Solar,1966,0.0194
Schleswig-Holstein,Solar,1967,0.0175
Schleswig-Holstein,Solar,1968,0.014
Schleswig-Holstein,Solar,1969,0.0006
Schleswig-Holstein,Solar,1970,0.0112
Schleswig-Holstein,Solar,1976,0.0006
Schleswig-Holstein,Solar,1977,0.008025
Schleswig-Holstein,Solar,1978,0.0056
Schleswig-Holstein,Solar,1979,0.033665
Schleswig-Holstein,Solar,1980,0.0006
Schleswig-Holstein,Solar,1989,0.14712
Schleswig-Holstein,Solar,1990,0.0053
Schleswig-Holstein,Solar,1992,0.078533
Schleswig-Holstein,Solar,1993,0.089321
Schleswig-Holstein,Solar,1994,0.0988
Schleswig-Holstein,Solar,1995,0.027729999999999998
Schleswig-Holstein,Solar,1996,0.03322
Schleswig-Holstein,Solar,1997,0.1371
Schleswig-Holstein,Solar,1998,0.186069
Schleswig-Holstein,Solar,1999,0.228554
Schleswig-Holstein,Solar,2000,0.563783
Schleswig-Holstein,Solar,2001,1.2121709999999999
Schleswig-Holstein,Solar,2002,0.751583
Schleswig-Holstein,Solar,2003,0.8129230000000001
Schleswig-Holstein,Solar,2004,14.298706
Schleswig-Holstein,Solar,2005,25.906258
Schleswig-Holstein,Solar,2006,26.931043000000003
Schleswig-Holstein,Solar,2007,42.501862
Schleswig-Holstein,Solar,2008,61.752924
Schleswig-Holstein,Solar,2009,185.424714
Schleswig-Holstein,Solar,2010,395.962236
Schleswig-Holstein,Solar,2011,349.698627
Schleswig-Holstein,Solar,2012,250.262315
Schleswig-Holstein,Solar,2013,73.03867
Schleswig-Holstein,Solar,2014,43.420171
Schleswig-Holstein,Solar,2015,26.514689
Schleswig-Holstein,Solar,2016,31.036359999999995
Schleswig-Holstein,Solar,2017,36.743167
Schleswig-Holstein,Solar,2018,94.66954100000001
Schleswig-Holstein,Solar,2019,124.367293
Schleswig-Holstein,Solar,2020,126.544606
Schleswig-Holstein,Solar,2021,185.24220799999998
Schleswig-Holstein,Solar,2022,284.918648
Schleswig-Holstein,Solar,2023,641.6825170000001
Schleswig-Holstein,Solar,2024,730.451153
Schleswig-Holstein,Solar,2025,67.93578099999999
Schleswig-Holstein,Wind onshore,1983,0.055
Schleswig-Holstein,Wind onshore,1985,0.02
Schleswig-Holstein,Wind onshore,1987,0.065
Schleswig-Holstein,Wind onshore,1988,0.525
Schleswig-Holstein,Wind onshore,1989,0.45
Schleswig-Holstein,Wind onshore,1990,0.935
Schleswig-Holstein,Wind onshore,1991,1.58
Schleswig-Holstein,Wind onshore,1992,1.66
Schleswig-Holstein,Wind onshore,1993,5.225
Schleswig-Holstein,Wind onshore,1994,23.255
Schleswig-Holstein,Wind onshore,1995,51.1
Schleswig-Holstein,Wind onshore,1996,17.599999999999998
Schleswig-Holstein,Wind onshore,1997,13.295
Schleswig-Holstein,Wind onshore,1998,27.49
Schleswig-Holstein,Wind onshore,1999,125.575
Schleswig-Holstein,Wind onshore,2000,116.89
Schleswig-Holstein,Wind onshore,2001,314.36
Schleswig-Holstein,Wind onshore,2002,183.68
Schleswig-Holstein,Wind onshore,2003,150.0
Schleswig-Holstein,Wind onshore,2004,98.22
Schleswig-Holstein,Wind onshore,2005,68.05
Schleswig-Holstein,Wind onshore,2006,147.85
Schleswig-Holstein,Wind onshore,2007,169.2645
Schleswig-Holstein,Wind onshore,2008,106.69999999999999
Schleswig-Holstein,Wind onshore,2009,249.577
Schleswig-Holstein,Wind onshore,2010,237.59179999999998
Schleswig-Holstein,Wind onshore,2011,286.2779
Schleswig-Holstein,Wind onshore,2012,323.7188
Schleswig-Holstein,Wind onshore,2013,408.752
Schleswig-Holstein,Wind onshore,2014,1304.6275
Schleswig-Holstein,Wind onshore,2015,904.412
Schleswig-Holstein,Wind onshore,2016,632.8314
Schleswig-Holstein,Wind onshore,2017,577.6938
Schleswig-Holstein,Wind onshore,2018,138.76404
Schleswig-Holstein,Wind onshore,2019,39.6575
Schleswig-Holstein,Wind onshore,2020,125.29990000000001
Schleswig-Holstein,Wind onshore,2021,269.1061
Schleswig-Holstein,Wind onshore,2022,544.623
Schleswig-Holstein,Wind onshore,2023,1215.8196
Schleswig-Holstein,Wind onshore,2024,574.3584
Schleswig-Holstein,Wind onshore,2025,4.2
Thüringen,Biomass,1994,4.81
Thüringen,Biomass,1995,0.37
Thüringen,Biomass,1996,0.12
Thüringen,Biomass,1997,0.607
Thüringen,Biomass,1999,57.235
Thüringen,Biomass,2000,5.132
Thüringen,Biomass,2001,2.0869999999999997
Thüringen,Biomass,2002,12.1055
Thüringen,Biomass,2003,1.9
Thüringen,Biomass,2004,2.25
Thüringen,Biomass,2005,31.3975
Thüringen,Biomass,2006,33.688
Thüringen,Biomass,2007,21.756
Thüringen,Biomass,2008,27.704024
Thüringen,Biomass,2009,11.208
Thüringen,Biomass,2010,13.8885
Thüringen,Biomass,2011,19.512
Thüringen,Biomass,2012,19.389
Thüringen,Biomass,2013,12.051
Thüringen,Biomass,2014,7.4133000000000004
Thüringen,Biomass,2015,0.725
Thüringen,Biomass,2016,2.345
Thüringen,Biomass,2017,9.79
Thüringen,Biomass,2018,3.4050000000000002
Thüringen,Biomass,2019,6.284
Thüringen,Biomass,2020,4.141
Thüringen,Biomass,2021,5.760000000000001
Thüringen,Biomass,2022,3.112
Thüringen,Biomass,2023,0.7066
Thüringen,Biomass,2024,0.5449999999999999
Thüringen,Hydropower,1903,0.059
Thüringen,Hydropower,1907,0.3
Thüringen,Hydropower,1908,0.065
Thüringen,Hydropower,1920,1.26
Thüringen,Hydropower,1925,0.0075
Thüringen,Hydropower,1932,1.24
Thüringen,Hydropower,1937,1.24
Thüringen,Hydropower,1939,1.445
Thüringen,Hydropower,1941,4.0
Thüringen,Hydropower,1945,1.7
Thüringen,Hydropower,1946,1.7
Thüringen,Hydropower,1949,1.4
Thüringen,Hydropower,1959,60.0
Thüringen,Hydropower,1968,0.5
Thüringen,Hydropower,1990,0.076
Thüringen,Hydropower,1991,0.569
Thüringen,Hydropower,1992,2.224
Thüringen,Hydropower,1993,0.5666
Thüringen,Hydropower,1994,0.896
Thüringen,Hydropower,1995,1.205
Thüringen,Hydropower,1996,0.9475
Thüringen,Hydropower,1997,1.9669999999999999
Thüringen,Hydropower,1998,1.2675
Thüringen,Hydropower,1999,1.89245
Thüringen,Hydropower,2000,1.7585
Thüringen,Hydropower,2001,0.7864
Thüringen,Hydropower,2002,1.0935
Thüringen,Hydropower,2003,0.121
Thüringen,Hydropower,2004,0.382
Thüringen,Hydropower,2005,0.45849999999999996
Thüringen,Hydropower,2006,1.7590000000000001
Thüringen,Hydropower,2007,0.46047
Thüringen,Hydropower,2008,0.2155
Thüringen,Hydropower,2009,0.8546
Thüringen,Hydropower,2010,0.3933
Thüringen,Hydropower,2011,0.1527
Thüringen,Hydropower,2012,0.4816
Thüringen,Hydropower,2013,0.26155
Thüringen,Hydropower,2014,0.16909
Thüringen,Hydropower,2015,0.44
Thüringen,Hydropower,2016,0.093
Thüringen,Hydropower,2017,0.1805
Thüringen,Hydropower,2018,0.4575
Thüringen,Hydropower,2019,0.5808
Thüringen,Hydropower,2020,3.112
Thüringen,Solar,1917,0.01
Thüringen,Solar,1918,0.0060999999999999995
Thüringen,Solar,1923,0.0024000000000000002
Thüringen,Solar,1924,0.0016
Thüringen,Solar,1953,0.004
Thüringen,Solar,1954,0.006525
Thüringen,Solar,1955,0.0152
Thüringen,Solar,1960,0.00748
Thüringen,Solar,1962,0.01218
Thüringen,Solar,1964,0.0006
Thüringen,Solar,1966,0.01321
Thüringen,Solar,1967,0.00317
Thüringen,Solar,1968,0.017669999999999998
Thüringen,Solar,1969,0.00882
Thüringen,Solar,1970,0.00688
Thüringen,Solar,1971,0.00984
Thüringen,Solar,1972,0.014839999999999999
Thüringen,Solar,1973,0.0008
Thüringen,Solar,1978,0.0155
Thüringen,Solar,1979,0.019700000000000002
Thüringen,Solar,1980,0.00962
Thüringen,Solar,1981,0.013600000000000001
Thüringen,Solar,1982,0.0008
Thüringen,Solar,1985,0.006
Thüringen,Solar,1986,0.0014
Thüringen,Solar,1989,0.00344
Thüringen,Solar,1990,0.0261
Thüringen,Solar,1991,0.003
Thüringen,Solar,1992,0.03948
Thüringen,Solar,1993,0.100374
Thüringen,Solar,1994,0.125463
Thüringen,Solar,1995,0.03144
Thüringen,Solar,1996,0.025969
Thüringen,Solar,1997,0.03308
Thüringen,Solar,1998,0.03802
Thüringen,Solar,1999,0.061126
Thüringen,Solar,2000,0.385905
Thüringen,Solar,2001,1.5471219999999999
Thüringen,Solar,2002,0.66209
Thüringen,Solar,2003,0.757082
Thüringen,Solar,2004,3.79575
Thüringen,Solar,2005,12.652339
Thüringen,Solar,2006,13.611314
Thüringen,Solar,2007,18.77644
Thüringen,Solar,2008,38.796921000000005
Thüringen,Solar,2009,75.76663
Thüringen,Solar,2010,154.789368
Thüringen,Solar,2011,240.244371
Thüringen,Solar,2012,310.34623799999997
Thüringen,Solar,2013,135.508269
Thüringen,Solar,2014,72.628548
Thüringen,Solar,2015,82.781497
Thüringen,Solar,2016,90.566665
Thüringen,Solar,2017,50.131303
Thüringen,Solar,2018,145.509743
Thüringen,Solar,2019,191.318239
Thüringen,Solar,2020,199.615925
Thüringen,Solar,2021,182.205734
Thüringen,Solar,2022,148.15210299999998
Thüringen,Solar,2023,289.389929
Thüringen,Solar,2024,360.245002
Thüringen,Solar,2025,28.0503
Thüringen,Wind onshore,1993,0.85
Thüringen,Wind onshore,1994,0.6
Thüringen,Wind onshore,1995,5.95
Thüringen,Wind onshore,1996,7.135
Thüringen,Wind onshore,1997,11.3
Thüringen,Wind onshore,1998,14.6
Thüringen,Wind onshore,1999,30.7
Thüringen,Wind onshore,2000,37.17
Thüringen,Wind onshore,2001,29.3
Thüringen,Wind onshore,2002,72.825
Thüringen,Wind onshore,2003,136.25
Thüringen,Wind onshore,2004,68.85
Thüringen,Wind onshore,2005,14.41
Thüringen,Wind onshore,2006,120.4
Thüringen,Wind onshore,2007,45.6
Thüringen,Wind onshore,2008,4.0
Thüringen,Wind onshore,2009,33.0
Thüringen,Wind onshore,2010,42.5
Thüringen,Wind onshore,2011,48.65
Thüringen,Wind onshore,2012,101.9681
Thüringen,Wind onshore,2013,109.176899
Thüringen,Wind onshore,2014,150.975
Thüringen,Wind onshore,2015,72.042
Thüringen,Wind onshore,2016,138.53629999999998
Thüringen,Wind onshore,2017,149.5015
Thüringen,Wind onshore,2018,112.80000000000001
Thüringen,Wind onshore,2019,53.120000000000005
Thüringen,Wind onshore,2020,59.90581
Thüringen,Wind onshore,2021,64.80202
Thüringen,Wind onshore,2022,104.6575
Thüringen,Wind onshore,2023,32.47549
Thüringen,Wind onshore,2024,34.923
Thüringen,Wind onshore,2025,17.4
